행정구역별,산업별,사업체구분별,2021,2021,2022,2022,2023,2023,2024,2024
행정구역별,산업별,사업체구분별,사업체수 (개),종사자수 (명),사업체수 (개),종사자수 (명),사업체수 (개),종사자수 (명),사업체수 (개),종사자수 (명)
전  국,전체 산업,계,6079702,24931600,6139899,25217123,6246489,25445897,6363262,25641480
,,단독사업체,5729231,17538082,5774937,17569575,5895038,17754736,6000373,17648497
,,"본사,본점 등",84874,3208727,94396,3221214,87601,3267129,89802,3450394
,,"공장,지사(점),영업소",265597,4184791,270566,4426334,263850,4424032,273087,4542589
,"농업, 임업 및 어업(01~03)",계,12775,66163,13102,66605,12630,65192,11967,62963
,,단독사업체,11378,47592,11625,47584,11293,46441,10672,43928
,,"본사,본점 등",448,5911,489,5963,425,5937,417,6630
,,"공장,지사(점),영업소",949,12660,988,13058,912,12814,878,12405
,광업(05~08),계,2104,14863,1936,14442,1873,13232,1913,13098
,,단독사업체,1864,9199,1706,8570,1656,8299,1704,7996
,,"본사,본점 등",82,2005,76,2543,73,1893,70,2372
,,"공장,지사(점),영업소",158,3659,154,3329,144,3040,139,2730
,제조업(10~34),계,579050,4217537,586532,4253904,537580,4156969,509467,4159656
,,단독사업체,542155,2572715,546559,2561195,501537,2467031,472372,2388149
,,"본사,본점 등",16374,772918,17256,754979,15585,738001,16117,805484
,,"공장,지사(점),영업소",20521,871904,22717,937730,20458,951937,20978,966023
,"전기, 가스, 증기 및 공기조절 공급업(35)",계,88513,156994,91286,160666,109976,175313,145874,212795
,,단독사업체,87029,93627,89711,96845,108275,114523,144003,151857
,,"본사,본점 등",251,12546,291,13715,315,11569,337,12025
,,"공장,지사(점),영업소",1233,50821,1284,50106,1386,49221,1534,48913
,"수도, 하수 및 폐기물 처리, 원료 재생업(36~39)",계,13296,133172,13756,134281,13696,131801,13733,132892
,,단독사업체,11380,93557,11767,95493,11804,94728,11777,94098
,,"본사,본점 등",555,14151,592,13421,550,12604,556,13080
,,"공장,지사(점),영업소",1361,25464,1397,25367,1342,24469,1400,25714
,건설업(41~42),계,485078,1987478,494228,1955608,497848,1923114,504267,1861094
,,단독사업체,472958,1583328,482333,1530088,487341,1527101,493597,1480610
,,"본사,본점 등",6080,299338,5806,313347,5163,288425,5268,282938
,,"공장,지사(점),영업소",6040,104812,6089,112173,5344,107588,5402,97546
,도매 및 소매업(45~47),계,1536229,3668167,1519506,3577536,1576429,3574852,1612664,3551791
,,단독사업체,1446486,2820663,1433662,2745795,1493153,2767702,1527943,2720902
,,"본사,본점 등",18754,329104,18117,311082,17482,312631,17960,323334
,,"공장,지사(점),영업소",70989,518400,67727,520659,65794,494519,66761,507555
,운수 및 창고업(49~52),계,616484,1361418,644407,1383516,669091,1427375,673767,1464734
,,단독사업체,602428,991002,630518,1014011,654636,1031855,658745,1051334
,,"본사,본점 등",2834,143430,2780,139999,2811,150762,2901,162585
,,"공장,지사(점),영업소",11222,226986,11109,229506,11644,244758,12121,250815
,숙박 및 음식점업(55~56),계,863009,2108073,858593,2215219,860198,2298936,858195,2234009
,,단독사업체,832803,1837697,827701,1925412,827955,1992638,825286,1920400
,,"본사,본점 등",3323,37766,3489,36063,3582,39137,3735,42542
,,"공장,지사(점),영업소",26883,232610,27403,253744,28661,267161,29174,271067
,정보통신업(58~63),계,120745,831969,127974,872905,131273,873769,137647,858952
,,단독사업체,112038,531954,118365,548541,123487,550295,129549,528261
,,"본사,본점 등",3677,191985,4034,208081,3186,213560,3411,224461
,,"공장,지사(점),영업소",5030,108030,5575,116283,4600,109914,4687,106230
,금융 및 보험업(64~66),계,64035,710025,64560,700940,65525,703095,69017,735916
,,단독사업체,34353,109698,35341,107750,36669,110565,39347,117264
,,"본사,본점 등",3631,192796,3559,198084,3488,194092,3502,200954
,,"공장,지사(점),영업소",26051,407531,25660,395106,25368,398438,26168,417698
,부동산업(68),계,285968,702920,290074,692012,288971,674587,277096,655270
,,단독사업체,251199,516743,254088,489096,253667,467085,239303,431255
,,"본사,본점 등",6269,63846,8167,67974,6967,70322,6770,71885
,,"공장,지사(점),영업소",28500,122331,27819,134942,28337,137180,31023,152130
,"전문, 과학 및 기술 서비스업(70~73)",계,223434,1404904,226569,1436619,232104,1492837,244426,1513309
,,단독사업체,200038,732570,202605,726703,209079,748711,220158,738822
,,"본사,본점 등",9413,366184,9606,383168,9208,409060,9603,428175
,,"공장,지사(점),영업소",13983,306150,14358,326748,13817,335066,14665,346312
,"사업시설 관리, 사업 지원 및 임대 서비스업(74~76)",계,142424,1300767,138183,1300103,137330,1338595,136241,1341037
,,단독사업체,128372,689689,124528,676304,124141,669724,122774,633411
,,"본사,본점 등",3906,387019,3782,368522,3627,418907,3754,465166
,,"공장,지사(점),영업소",10146,224059,9873,255277,9562,249964,9713,242460
,"공공행정, 국방 및 사회보장 행정(84)",계,13052,897295,13132,919195,13105,929279,13114,944330
,,단독사업체,12250,850649,12285,872082,12249,883035,12226,898400
,,"본사,본점 등",52,14901,63,15331,62,15260,62,15096
,,"공장,지사(점),영업소",750,31745,784,31782,794,30984,826,30834
,교육 서비스업(85),계,249231,1687025,256060,1723109,270205,1718615,280982,1739023
,,단독사업체,235652,1231149,241721,1258033,255996,1258764,266634,1277217
,,"본사,본점 등",2659,148710,2947,141292,2941,134494,3033,132619
,,"공장,지사(점),영업소",10920,307166,11392,323784,11268,325357,11315,329187
,보건업 및 사회복지 서비스업(86~87),계,162288,2357153,167062,2457512,167755,2567968,170120,2726259
,,단독사업체,147287,1703462,149640,1743618,150835,1859128,152653,1966870
,,"본사,본점 등",2898,159232,4092,173362,4004,177259,4124,187336
,,"공장,지사(점),영업소",12103,494459,13330,540532,12916,531581,13343,572053
,"예술, 스포츠 및 여가관련 서비스업(90~91)",계,143372,421838,144915,444340,147479,455369,153429,467950
,,단독사업체,138077,334043,138758,346228,141164,355649,146395,359563
,,"본사,본점 등",1127,31598,1589,32352,1514,33331,1599,33084
,,"공장,지사(점),영업소",4168,56197,4568,65760,4801,66389,5435,75303
,"협회 및 단체, 수리 및 기타 개인 서비스업(94~96)",계,478615,903839,488024,908611,513421,924999,549343,966402
,,단독사업체,461484,788745,462024,776227,490101,801462,525235,838160
,,"본사,본점 등",2541,35287,7661,41936,6618,39885,6583,40628
,,"공장,지사(점),영업소",14590,79807,18339,90448,16702,83652,17525,87614
서  울,전체 산업,계,1188091,5771226,1180025,5795417,1177287,5800617,1176066,5772456
,,단독사업체,1106963,3622479,1098395,3572309,1100214,3561242,1096661,3485641
,,"본사,본점 등",25688,1299758,26770,1311545,24494,1338188,24971,1386043
,,"공장,지사(점),영업소",55440,848989,54860,911563,52579,901187,54434,900772
,"농업, 임업 및 어업(01~03)",계,154,753,141,621,112,522,93,409
,,단독사업체,143,532,127,418,103,383,84,290
,,"본사,본점 등",7,183,7,161,7,136,5,115
,,"공장,지사(점),영업소",4,38,7,42,2,X,4,4
,광업(05~08),계,25,135,26,150,21,141,16,190
,,단독사업체,20,109,20,124,16,107,11,102
,,"본사,본점 등",3,20,4,20,5,34,4,49
,,"공장,지사(점),영업소",2,X,2,X,-,-,1,X
,제조업(10~34),계,76870,267489,75641,261088,67269,241919,62032,237097
,,단독사업체,74066,214498,72718,207079,64753,189428,59457,178930
,,"본사,본점 등",1568,39703,1596,37912,1436,37011,1475,41695
,,"공장,지사(점),영업소",1236,13288,1327,16097,1080,15480,1100,16472
,"전기, 가스, 증기 및 공기조절 공급업(35)",계,683,6873,653,6929,755,7368,867,6637
,,단독사업체,609,992,573,989,672,1069,775,1290
,,"본사,본점 등",19,2013,22,1921,22,1871,24,1881
,,"공장,지사(점),영업소",55,3868,58,4019,61,4428,68,3466
,"수도, 하수 및 폐기물 처리, 원료 재생업(36~39)",계,720,10610,764,10750,741,10599,757,10638
,,단독사업체,636,8578,684,8756,682,8892,684,8486
,,"본사,본점 등",45,1275,40,1001,31,938,35,1111
,,"공장,지사(점),영업소",39,757,40,993,28,769,38,1041
,건설업(41~42),계,67382,449060,66868,453044,66079,408445,65232,388553
,,단독사업체,65229,281626,64888,267631,64291,254189,63433,239709
,,"본사,본점 등",1277,142499,1153,161979,1084,134563,1090,131176
,,"공장,지사(점),영업소",876,24935,827,23434,704,19693,709,17668
,도매 및 소매업(45~47),계,335817,1009123,324613,962626,332064,950356,331830,936536
,,단독사업체,313278,662524,303314,627128,311798,623337,311120,600187
,,"본사,본점 등",7224,205058,6795,192556,6453,192108,6559,195029
,,"공장,지사(점),영업소",15315,141541,14504,142942,13813,134911,14151,141320
,운수 및 창고업(49~52),계,110339,274477,118073,280575,117785,285491,120234,289414
,,단독사업체,107957,175910,115752,183222,115465,180550,117847,184827
,,"본사,본점 등",807,64243,812,63107,796,69946,803,72300
,,"공장,지사(점),영업소",1575,34324,1509,34246,1524,34995,1584,32287
,숙박 및 음식점업(55~56),계,141679,424071,139173,441817,138619,462916,138531,450505
,,단독사업체,131610,331196,129045,343594,128079,359219,127723,345105
,,"본사,본점 등",1252,14921,1275,13147,1326,14059,1416,14945
,,"공장,지사(점),영업소",8817,77954,8853,85076,9214,89638,9392,90455
,정보통신업(58~63),계,57615,490621,59783,518475,57551,507543,54557,490271
,,단독사업체,53663,314781,55516,325324,54451,321222,51361,298549
,,"본사,본점 등",2102,130603,2228,146406,1696,144372,1811,151627
,,"공장,지사(점),영업소",1850,45237,2039,46745,1404,41949,1385,40095
,금융 및 보험업(64~66),계,23262,293681,24627,291740,24807,288023,26746,299964
,,단독사업체,17681,64955,19224,63729,19655,65539,21401,69885
,,"본사,본점 등",879,128568,860,136641,791,132006,799,137905
,,"공장,지사(점),영업소",4702,100158,4543,91370,4361,90478,4546,92174
,부동산업(68),계,72984,205378,72058,196379,71119,193591,68325,188936
,,단독사업체,64198,151615,63315,138882,62789,131481,59445,124831
,,"본사,본점 등",2130,26574,2489,27348,2104,32726,2054,32852
,,"공장,지사(점),영업소",6656,27189,6254,30149,6226,29384,6826,31253
,"전문, 과학 및 기술 서비스업(70~73)",계,82402,597759,81166,605708,80707,628504,81006,630526
,,단독사업체,73891,314264,72804,307033,72946,310743,72962,303201
,,"본사,본점 등",4303,200000,4301,212794,4001,220366,4108,222958
,,"공장,지사(점),영업소",4208,83495,4061,85881,3760,97395,3936,104367
,"사업시설 관리, 사업 지원 및 임대 서비스업(74~76)",계,31460,492983,29595,488351,28626,524790,27912,520190
,,단독사업체,28207,213671,26506,202701,25671,202452,24948,194930
,,"본사,본점 등",1362,224332,1264,207299,1215,247209,1228,265477
,,"공장,지사(점),영업소",1891,54980,1825,78351,1740,75129,1736,59783
,"공공행정, 국방 및 사회보장 행정(84)",계,1369,161167,1365,165663,1334,163456,1316,163874
,,단독사업체,1262,152156,1258,156342,1225,154184,1199,154409
,,"본사,본점 등",8,2291,11,3148,11,3030,11,3402
,,"공장,지사(점),영업소",99,6720,96,6173,98,6242,106,6063
,교육 서비스업(85),계,46855,361663,47002,365167,49232,364171,50822,366094
,,단독사업체,42956,207941,42943,207238,45236,206098,46772,206056
,,"본사,본점 등",934,61424,974,54898,944,54043,976,55110
,,"공장,지사(점),영업소",2965,92298,3085,103031,3052,104030,3074,104928
,보건업 및 사회복지 서비스업(86~87),계,31866,450396,32319,470395,32286,486955,32815,508898
,,단독사업체,29420,311073,29486,320306,29665,337587,30193,353746
,,"본사,본점 등",502,29998,672,25185,644,28274,657,33086
,,"공장,지사(점),영업소",1944,109325,2161,124904,1977,121094,1965,122066
,"예술, 스포츠 및 여가관련 서비스업(90~91)",계,28722,88491,28242,90030,28777,91995,30188,93249
,,단독사업체,27199,65212,26527,65735,27032,67523,28168,67694
,,"본사,본점 등",363,8655,449,7890,428,7616,471,7556
,,"공장,지사(점),영업소",1160,14624,1266,16405,1317,16856,1549,17999
,"협회 및 단체, 수리 및 기타 개인 서비스업(94~96)",계,77887,186496,77916,185909,79403,183832,82787,190475
,,단독사업체,74938,150846,73695,146078,75685,147239,79078,153414
,,"본사,본점 등",903,17398,1818,18132,1500,17880,1445,17769
,,"공장,지사(점),영업소",2046,18252,2403,21699,2218,18713,2264,19292
부  산,전체 산업,계,401254,1544504,400565,1554664,401008,1555085,402419,1563954
,,단독사업체,376671,1098601,375686,1100722,376675,1103709,377478,1090844
,,"본사,본점 등",5536,165027,5746,163583,5582,161384,5731,173197
,,"공장,지사(점),영업소",19047,280876,19133,290359,18751,289992,19210,299913
,"농업, 임업 및 어업(01~03)",계,164,2757,152,2985,139,2915,135,3333
,,단독사업체,145,1626,124,1879,118,1875,109,1777
,,"본사,본점 등",10,353,13,528,11,467,12,932
,,"공장,지사(점),영업소",9,778,15,578,10,573,14,624
,광업(05~08),계,20,85,16,41,13,32,13,33
,,단독사업체,17,75,14,36,11,26,12,31
,,"본사,본점 등",2,X,1,X,1,X,1,X
,,"공장,지사(점),영업소",1,X,1,X,1,X,-,-
,제조업(10~34),계,38105,213028,38067,210883,35062,205191,33609,210397
,,단독사업체,36255,150549,36130,147105,33267,142237,31767,137444
,,"본사,본점 등",919,37714,945,37394,894,36802,940,45117
,,"공장,지사(점),영업소",931,24765,992,26384,901,26152,902,27836
,"전기, 가스, 증기 및 공기조절 공급업(35)",계,299,4130,301,4456,377,4428,504,4714
,,단독사업체,264,497,264,543,334,629,457,798
,,"본사,본점 등",7,763,7,909,11,728,13,867
,,"공장,지사(점),영업소",28,2870,30,3004,32,3071,34,3049
,"수도, 하수 및 폐기물 처리, 원료 재생업(36~39)",계,636,7905,681,7853,677,7695,675,7591
,,단독사업체,539,5912,579,5719,579,5697,566,5589
,,"본사,본점 등",39,564,40,743,39,644,45,657
,,"공장,지사(점),영업소",58,1429,62,1391,59,1354,64,1345
,건설업(41~42),계,26204,123951,26465,118404,26182,115039,26395,110035
,,단독사업체,25392,97370,25739,93285,25472,89446,25687,86545
,,"본사,본점 등",414,18268,356,17179,358,19362,362,18279
,,"공장,지사(점),영업소",398,8313,370,7940,352,6231,346,5211
,도매 및 소매업(45~47),계,110109,247220,108084,241934,109774,240302,110241,235313
,,단독사업체,103480,194218,101841,190388,103720,190054,104086,185243
,,"본사,본점 등",1195,13515,1164,13006,1148,13137,1221,12984
,,"공장,지사(점),영업소",5434,39487,5079,38540,4906,37111,4934,37086
,운수 및 창고업(49~52),계,49764,131749,49937,133110,51527,132691,52816,136371
,,단독사업체,48311,92212,48478,92848,50010,92428,51257,94204
,,"본사,본점 등",339,15983,310,16148,321,16030,340,17527
,,"공장,지사(점),영업소",1114,23554,1149,24114,1196,24233,1219,24640
,숙박 및 음식점업(55~56),계,57185,142912,56687,153289,55922,158094,55106,153036
,,단독사업체,55248,124055,54679,131407,53832,135210,53024,130361
,,"본사,본점 등",197,3141,207,3224,225,3530,221,3101
,,"공장,지사(점),영업소",1740,15716,1801,18658,1865,19354,1861,19574
,정보통신업(58~63),계,4111,21361,4376,21702,4536,22775,4655,21228
,,단독사업체,3636,14327,3817,14000,4055,14413,4167,13664
,,"본사,본점 등",139,2589,166,2601,128,2923,124,2560
,,"공장,지사(점),영업소",336,4445,393,5101,353,5439,364,5004
,금융 및 보험업(64~66),계,3981,48854,3812,47844,3836,48280,3894,50537
,,단독사업체,1743,5537,1608,5325,1673,5521,1712,5658
,,"본사,본점 등",191,8094,186,7412,179,7390,181,8030
,,"공장,지사(점),영업소",2047,35223,2018,35107,1984,35369,2001,36849
,부동산업(68),계,20972,47738,21414,47341,21251,46384,20479,44615
,,단독사업체,17985,37211,18258,35478,18193,34386,17361,32206
,,"본사,본점 등",645,2696,745,3169,688,3268,659,3178
,,"공장,지사(점),영업소",2342,7831,2411,8694,2370,8730,2459,9231
,"전문, 과학 및 기술 서비스업(70~73)",계,12634,58661,12707,58659,12728,59574,13410,60567
,,단독사업체,11153,37463,11192,36316,11242,36821,11747,36034
,,"본사,본점 등",555,11966,577,11506,572,11447,588,12780
,,"공장,지사(점),영업소",926,9232,938,10837,914,11306,1075,11753
,"사업시설 관리, 사업 지원 및 임대 서비스업(74~76)",계,9303,78673,9083,77706,8763,78448,8394,75767
,,단독사업체,8264,34397,8066,34348,7792,35709,7405,32737
,,"본사,본점 등",259,22795,250,21614,231,19736,247,21209
,,"공장,지사(점),영업소",780,21481,767,21744,740,23003,742,21821
,"공공행정, 국방 및 사회보장 행정(84)",계,723,52452,728,53672,720,52920,697,54720
,,단독사업체,678,49815,678,50823,668,50142,641,52157
,,"본사,본점 등",1,X,2,X,2,X,2,X
,,"공장,지사(점),영업소",44,2618,48,2479,50,2408,54,2435
,교육 서비스업(85),계,16039,104539,16472,105593,17176,104913,17703,106156
,,단독사업체,15146,76178,15588,77510,16309,77340,16837,78989
,,"본사,본점 등",154,7437,150,6920,155,4878,156,4700
,,"공장,지사(점),영업소",739,20924,734,21163,712,22695,710,22467
,보건업 및 사회복지 서비스업(86~87),계,10292,176077,10719,184789,10799,190746,10884,203967
,,단독사업체,9107,107726,9466,113983,9521,121115,9583,125509
,,"본사,본점 등",260,15609,284,16683,292,17382,293,18002
,,"공장,지사(점),영업소",925,52742,969,54123,986,52249,1008,60456
,"예술, 스포츠 및 여가관련 서비스업(90~91)",계,8188,22726,8177,24790,8247,25159,8394,25292
,,단독사업체,7913,18344,7874,19321,7937,19961,8054,20306
,,"본사,본점 등",61,1190,81,1484,70,1080,82,1081
,,"공장,지사(점),영업소",214,3192,222,3985,240,4118,258,3905
,"협회 및 단체, 수리 및 기타 개인 서비스업(94~96)",계,32525,59686,32687,59613,33279,59499,34415,60282
,,단독사업체,31395,51089,31291,50408,31942,50699,33006,51592
,,"본사,본점 등",149,2326,262,2692,257,2209,244,2063
,,"공장,지사(점),영업소",981,6271,1134,6513,1080,6591,1165,6627
대  구,전체 산업,계,279798,1004563,279223,1014987,285388,1028785,286841,1021246
,,단독사업체,265727,745418,264530,741663,270646,756364,271539,745900
,,"본사,본점 등",2912,91957,3163,95152,3041,94204,3078,98182
,,"공장,지사(점),영업소",11159,167188,11530,178172,11701,178217,12224,177164
,"농업, 임업 및 어업(01~03)",계,58,389,58,393,96,575,83,563
,,단독사업체,47,95,47,92,78,218,69,218
,,"본사,본점 등",4,122,5,124,9,155,7,140
,,"공장,지사(점),영업소",7,172,6,177,9,202,7,205
,광업(05~08),계,9,23,9,19,10,84,8,73
,,단독사업체,9,23,9,19,9,21,7,14
,,"공장,지사(점),영업소",-,-,-,-,1,X,1,X
,제조업(10~34),계,32690,169828,32445,169297,30025,164964,28408,159551
,,단독사업체,31441,123295,31101,120667,28785,116478,27145,112015
,,"본사,본점 등",605,31761,611,30194,572,28440,576,29550
,,"공장,지사(점),영업소",644,14772,733,18436,668,20046,687,17986
,"전기, 가스, 증기 및 공기조절 공급업(35)",계,651,3308,705,3391,1357,4014,1965,4561
,,단독사업체,619,801,668,867,1304,1517,1909,2092
,,"본사,본점 등",11,1357,13,1399,18,1363,22,1366
,,"공장,지사(점),영업소",21,1150,24,1125,35,1134,34,1103
,"수도, 하수 및 폐기물 처리, 원료 재생업(36~39)",계,467,4488,484,4498,499,4670,496,4663
,,단독사업체,405,2694,407,2590,421,2726,418,2686
,,"본사,본점 등",25,644,31,545,26,520,25,539
,,"공장,지사(점),영업소",37,1150,46,1363,52,1424,53,1438
,건설업(41~42),계,19393,75353,19535,75231,20206,73138,20418,70905
,,단독사업체,18819,58256,18988,58249,19701,58472,19930,56067
,,"본사,본점 등",242,11132,204,11598,198,9399,197,9777
,,"공장,지사(점),영업소",332,5965,343,5384,307,5267,291,5061
,도매 및 소매업(45~47),계,74078,159185,72840,155393,75135,155834,76045,152493
,,단독사업체,70300,129707,69134,125892,71562,126867,72419,124019
,,"본사,본점 등",569,6571,603,6251,583,6480,586,6621
,,"공장,지사(점),영업소",3209,22907,3103,23250,2990,22487,3040,21853
,운수 및 창고업(49~52),계,31075,56222,31605,56927,34118,59657,33457,59297
,,단독사업체,30667,47199,31194,47366,33646,49657,32980,49462
,,"본사,본점 등",72,2562,67,2697,71,2427,69,2566
,,"공장,지사(점),영업소",336,6461,344,6864,401,7573,408,7269
,숙박 및 음식점업(55~56),계,38117,88808,37517,92541,37976,97701,37729,94265
,,단독사업체,37118,80693,36443,83849,36730,87808,36417,84775
,,"본사,본점 등",95,878,103,866,108,1392,108,958
,,"공장,지사(점),영업소",904,7237,971,7826,1138,8501,1204,8532
,정보통신업(58~63),계,2812,16564,3009,16931,3052,16924,3141,15968
,,단독사업체,2524,10052,2708,10409,2744,10329,2824,9772
,,"본사,본점 등",98,3641,100,3492,97,3552,101,3396
,,"공장,지사(점),영업소",190,2871,201,3030,211,3043,216,2800
,금융 및 보험업(64~66),계,2789,30442,2711,31189,2843,31052,2895,32499
,,단독사업체,1247,4011,1170,3757,1277,3775,1303,3890
,,"본사,본점 등",156,3790,157,3947,164,3797,159,3758
,,"공장,지사(점),영업소",1386,22641,1384,23485,1402,23480,1433,24851
,부동산업(68),계,12607,30461,12522,29852,12480,28935,12214,29114
,,단독사업체,11251,21680,11097,20221,10937,18498,10485,17085
,,"본사,본점 등",236,1804,299,2169,259,1876,275,2022
,,"공장,지사(점),영업소",1120,6977,1126,7462,1284,8561,1454,10007
,"전문, 과학 및 기술 서비스업(70~73)",계,8299,34582,8293,34584,8417,36467,8883,35746
,,단독사업체,7486,23744,7457,23306,7558,23362,7976,23116
,,"본사,본점 등",269,4802,273,4796,306,6570,303,5679
,,"공장,지사(점),영업소",544,6036,563,6482,553,6535,604,6951
,"사업시설 관리, 사업 지원 및 임대 서비스업(74~76)",계,5524,43132,5319,46305,5263,45788,5339,46699
,,단독사업체,4945,23312,4747,22426,4711,20928,4703,19067
,,"본사,본점 등",155,10320,152,13247,147,14381,158,18191
,,"공장,지사(점),영업소",424,9500,420,10632,405,10479,478,9441
,"공공행정, 국방 및 사회보장 행정(84)",계,468,34447,472,34571,511,36921,495,37580
,,단독사업체,438,32660,441,32737,479,35023,462,35762
,,"본사,본점 등",1,X,1,X,1,X,1,X
,,"공장,지사(점),영업소",29,1495,30,1516,31,1501,32,1453
,교육 서비스업(85),계,13107,81948,13461,83096,13920,82152,14319,82871
,,단독사업체,12480,61551,12804,62386,13258,61846,13657,62418
,,"본사,본점 등",125,2586,138,2088,140,1947,134,2127
,,"공장,지사(점),영업소",502,17811,519,18622,522,18359,528,18326
,보건업 및 사회복지 서비스업(86~87),계,7663,118579,7928,124130,8135,132104,8326,135545
,,단독사업체,6862,75877,7028,77889,7239,89069,7388,92537
,,"본사,본점 등",135,7763,171,9384,166,9458,180,9049
,,"공장,지사(점),영업소",666,34939,729,36857,730,33577,758,33959
,"예술, 스포츠 및 여가관련 서비스업(90~91)",계,6364,15432,6361,15637,6386,16255,6548,16377
,,단독사업체,6187,13519,6146,13463,6150,13585,6303,13726
,,"본사,본점 등",27,615,44,709,45,733,41,714
,,"공장,지사(점),영업소",150,1298,171,1465,191,1937,204,1937
,"협회 및 단체, 수리 및 기타 개인 서비스업(94~96)",계,23627,41372,23949,41002,24959,41550,26072,42476
,,단독사업체,22882,36249,22941,35478,24057,36185,25144,37179
,,"본사,본점 등",87,1317,191,1328,131,1317,136,1364
,,"공장,지사(점),영업소",658,3806,817,4196,771,4048,792,3933
인  천,전체 산업,계,308892,1223448,317133,1250203,322297,1258759,328929,1271660
,,단독사업체,293426,923336,301078,944960,306906,950890,313031,949534
,,"본사,본점 등",3627,134863,4104,127798,3769,129224,3836,133329
,,"공장,지사(점),영업소",11839,165249,11951,177445,11622,178645,12062,188797
,"농업, 임업 및 어업(01~03)",계,132,648,129,616,122,488,123,442
,,단독사업체,114,398,114,435,103,305,107,277
,,"본사,본점 등",5,88,2,X,5,22,5,20
,,"공장,지사(점),영업소",13,162,13,172,14,161,11,145
,광업(05~08),계,35,510,35,431,36,437,33,397
,,단독사업체,23,273,23,218,24,271,22,225
,,"본사,본점 등",5,120,5,107,4,91,4,89
,,"공장,지사(점),영업소",7,117,7,106,8,75,7,83
,제조업(10~34),계,33574,250357,33961,252668,30869,246065,29156,242091
,,단독사업체,31650,171249,31825,172473,29069,165675,27322,160614
,,"본사,본점 등",991,53664,1078,52797,933,52876,913,53030
,,"공장,지사(점),영업소",933,25444,1058,27398,867,27514,921,28447
,"전기, 가스, 증기 및 공기조절 공급업(35)",계,442,4644,416,4486,539,4462,681,4544
,,단독사업체,396,888,372,901,496,1026,629,1078
,,"본사,본점 등",3,164,3,257,2,X,1,X
,,"공장,지사(점),영업소",43,3592,41,3328,41,3174,51,3279
,"수도, 하수 및 폐기물 처리, 원료 재생업(36~39)",계,750,7859,807,7796,781,7695,767,7951
,,단독사업체,641,5424,699,5597,675,5489,666,5831
,,"본사,본점 등",47,1029,50,922,51,1013,48,904
,,"공장,지사(점),영업소",62,1406,58,1277,55,1193,53,1216
,건설업(41~42),계,24979,87370,25578,84237,25648,84452,26536,81837
,,단독사업체,24464,72127,25115,70853,25250,69876,26095,66862
,,"본사,본점 등",251,11507,221,7030,195,6961,222,7546
,,"공장,지사(점),영업소",264,3736,242,6354,203,7615,219,7429
,도매 및 소매업(45~47),계,78576,173100,80224,171500,84976,174170,89140,176309
,,단독사업체,74798,143279,76578,140933,81412,144515,85467,145348
,,"본사,본점 등",753,8809,727,8813,695,8865,741,9417
,,"공장,지사(점),영업소",3025,21012,2919,21754,2869,20790,2932,21544
,운수 및 창고업(49~52),계,38766,95243,41236,97207,42619,100101,41572,100309
,,단독사업체,37722,65437,40216,67890,41596,68835,40514,69385
,,"본사,본점 등",204,9277,204,8917,193,9546,199,10408
,,"공장,지사(점),영업소",840,20529,816,20400,830,21720,859,20516
,숙박 및 음식점업(55~56),계,41752,103117,42097,109781,41726,114430,41849,112402
,,단독사업체,40320,91053,40657,97055,40212,100525,40278,96995
,,"본사,본점 등",145,1540,147,1521,144,1456,160,2724
,,"공장,지사(점),영업소",1287,10524,1293,11205,1370,12449,1411,12683
,정보통신업(58~63),계,4194,14909,4704,16435,5169,15766,5689,16133
,,단독사업체,3979,10404,4416,11247,4947,11768,5476,11881
,,"본사,본점 등",88,2620,118,1695,76,1380,63,1102
,,"공장,지사(점),영업소",127,1885,170,3493,146,2618,150,3150
,금융 및 보험업(64~66),계,2365,22697,2329,22426,2350,22316,2459,24128
,,단독사업체,1130,3078,1103,2957,1168,3169,1232,3629
,,"본사,본점 등",123,2047,117,2030,112,2031,109,2048
,,"공장,지사(점),영업소",1112,17572,1109,17439,1070,17116,1118,18451
,부동산업(68),계,14678,32906,15081,32522,14760,32141,14172,32578
,,단독사업체,12953,24938,13279,24110,13054,23255,12435,21374
,,"본사,본점 등",254,1765,419,2187,366,2306,334,4108
,,"공장,지사(점),영업소",1471,6203,1383,6225,1340,6580,1403,7096
,"전문, 과학 및 기술 서비스업(70~73)",계,8722,43353,8960,43004,9307,43550,10177,45432
,,단독사업체,7913,22728,8126,22928,8465,23672,9299,24896
,,"본사,본점 등",307,11221,318,11692,314,11568,324,12521
,,"공장,지사(점),영업소",502,9404,516,8384,528,8310,554,8015
,"사업시설 관리, 사업 지원 및 임대 서비스업(74~76)",계,7563,64731,7466,66073,7534,66620,7650,70006
,,단독사업체,6925,40027,6825,41601,6905,42339,6992,42218
,,"본사,본점 등",163,15389,163,13584,160,13443,174,15219
,,"공장,지사(점),영업소",475,9315,478,10888,469,10838,484,12569
,"공공행정, 국방 및 사회보장 행정(84)",계,509,43612,520,46155,529,46540,526,44448
,,단독사업체,479,40249,486,42654,495,43188,494,41210
,,"본사,본점 등",2,X,3,1992,2,X,2,X
,,"공장,지사(점),영업소",28,1496,31,1509,32,1450,30,1511
,교육 서비스업(85),계,11644,79359,12365,82746,13282,81747,14196,82713
,,단독사업체,11137,65002,11787,67386,12708,67177,13613,68407
,,"본사,본점 등",94,5206,115,5596,115,5461,126,5057
,,"공장,지사(점),영업소",413,9151,463,9764,459,9109,457,9249
,보건업 및 사회복지 서비스업(86~87),계,8230,135496,8571,145972,8626,150562,8825,158215
,,단독사업체,7697,110003,7927,118271,7992,122064,8171,129471
,,"본사,본점 등",89,7477,148,6208,147,7042,143,5746
,,"공장,지사(점),영업소",444,18016,496,21493,487,21456,511,22998
,"예술, 스포츠 및 여가관련 서비스업(90~91)",계,7871,19310,8047,21088,8021,21528,8375,23490
,,단독사업체,7654,16885,7770,16964,7749,16835,8076,17356
,,"본사,본점 등",35,461,64,1653,63,2244,62,612
,,"공장,지사(점),영업소",182,1964,213,2471,209,2449,237,5522
,"협회 및 단체, 수리 및 기타 개인 서비스업(94~96)",계,24110,44227,24607,45060,25403,45689,27003,48235
,,단독사업체,23431,39894,23760,40487,24586,40906,26143,42477
,,"본사,본점 등",68,612,202,788,192,755,206,864
,,"공장,지사(점),영업소",611,3721,645,3785,625,4028,654,4894
광  주,전체 산업,계,170973,676261,170894,675251,173424,678748,175238,673601
,,단독사업체,160712,480695,160375,476574,163412,483972,165170,482145
,,"본사,본점 등",2292,74472,2519,71987,2200,71677,2183,67697
,,"공장,지사(점),영업소",7969,121094,8000,126690,7812,123099,7885,123759
,"농업, 임업 및 어업(01~03)",계,115,441,111,514,106,517,93,448
,,단독사업체,107,199,98,223,94,200,82,140
,,"본사,본점 등",2,X,6,37,5,46,5,42
,,"공장,지사(점),영업소",6,219,7,254,7,271,6,266
,광업(05~08),계,11,40,14,31,15,33,9,25
,,단독사업체,11,40,14,31,15,33,9,25
,제조업(10~34),계,11572,87325,11661,88914,10711,82335,10166,80250
,,단독사업체,10773,47383,10820,47208,9950,44385,9424,42663
,,"본사,본점 등",350,18352,359,17578,319,15370,307,15690
,,"공장,지사(점),영업소",449,21590,482,24128,442,22580,435,21897
,"전기, 가스, 증기 및 공기조절 공급업(35)",계,1711,3243,1607,2965,1972,3354,2470,3982
,,단독사업체,1676,2021,1569,1846,1930,2197,2430,2746
,,"본사,본점 등",12,243,12,251,15,276,11,350
,,"공장,지사(점),영업소",23,979,26,868,27,881,29,886
,"수도, 하수 및 폐기물 처리, 원료 재생업(36~39)",계,250,2628,256,2489,259,2765,260,2673
,,단독사업체,211,1867,216,1786,218,1812,217,1682
,,"본사,본점 등",15,489,13,147,12,208,11,194
,,"공장,지사(점),영업소",24,272,27,556,29,745,32,797
,건설업(41~42),계,15769,75298,16026,73411,15953,72871,15986,68055
,,단독사업체,15115,55265,15394,52861,15405,52450,15474,52656
,,"본사,본점 등",257,11590,218,11221,184,12719,170,9166
,,"공장,지사(점),영업소",397,8443,414,9329,364,7702,342,6233
,도매 및 소매업(45~47),계,43193,96138,42436,92610,43318,91836,43410,90215
,,단독사업체,40471,77945,39949,75886,40919,75547,41000,73617
,,"본사,본점 등",481,3703,433,3041,410,3272,409,3627
,,"공장,지사(점),영업소",2241,14490,2054,13683,1989,13017,2001,12971
,운수 및 창고업(49~52),계,18986,37571,19354,36816,20126,38656,20508,39134
,,단독사업체,18708,29662,19101,29888,19867,31513,20232,31965
,,"본사,본점 등",65,2915,47,1871,42,2052,50,2603
,,"공장,지사(점),영업소",213,4994,206,5057,217,5091,226,4566
,숙박 및 음식점업(55~56),계,22526,55002,21995,57182,22065,59294,21603,56342
,,단독사업체,21905,49940,21413,52101,21486,54528,21040,51329
,,"본사,본점 등",95,864,90,773,89,712,78,705
,,"공장,지사(점),영업소",526,4198,492,4308,490,4054,485,4308
,정보통신업(58~63),계,1820,12868,1949,12901,2066,10619,2089,10267
,,단독사업체,1576,6333,1693,6489,1817,6633,1846,6638
,,"본사,본점 등",70,1314,80,1197,70,1123,59,791
,,"공장,지사(점),영업소",174,5221,176,5215,179,2863,184,2838
,금융 및 보험업(64~66),계,2013,21775,1988,20150,2048,20870,2105,21487
,,단독사업체,860,2844,860,2564,921,2560,968,2986
,,"본사,본점 등",94,2231,95,1955,95,2134,87,1788
,,"공장,지사(점),영업소",1059,16700,1033,15631,1032,16176,1050,16713
,부동산업(68),계,9332,25559,9265,25315,9150,22009,8867,19074
,,단독사업체,8328,16831,8216,15373,8124,14490,7811,12961
,,"본사,본점 등",240,4827,301,5750,256,3354,251,1184
,,"공장,지사(점),영업소",764,3901,748,4192,770,4165,805,4929
,"전문, 과학 및 기술 서비스업(70~73)",계,5762,24650,5923,25131,6117,29279,6544,29207
,,단독사업체,5158,15454,5313,15862,5506,16444,5892,16329
,,"본사,본점 등",176,4026,161,3663,160,6146,176,6601
,,"공장,지사(점),영업소",428,5170,449,5606,451,6689,476,6277
,"사업시설 관리, 사업 지원 및 임대 서비스업(74~76)",계,4009,31891,4008,30840,3910,33069,3768,32227
,,단독사업체,3523,15067,3534,13770,3451,12964,3316,11885
,,"본사,본점 등",118,6593,116,6466,121,9179,130,9895
,,"공장,지사(점),영업소",368,10231,358,10604,338,10926,322,10447
,"공공행정, 국방 및 사회보장 행정(84)",계,286,23436,289,23934,287,24122,283,22853
,,단독사업체,266,22301,265,22692,263,22951,260,21643
,,"본사,본점 등",1,X,1,X,1,X,1,X
,,"공장,지사(점),영업소",19,1101,23,1204,23,1121,22,1163
,교육 서비스업(85),계,7980,51491,8064,51760,8337,52509,8569,52184
,,단독사업체,7521,36638,7575,36566,7860,37223,8097,37339
,,"본사,본점 등",97,6769,97,6028,86,6010,94,5698
,,"공장,지사(점),영업소",362,8084,392,9166,391,9276,378,9147
,보건업 및 사회복지 서비스업(86~87),계,5316,87414,5469,90482,5496,93458,5584,102915
,,단독사업체,4803,66324,4845,67466,4893,72512,4944,78609
,,"본사,본점 등",110,8910,170,9822,145,7074,161,7471
,,"공장,지사(점),영업소",403,12180,454,13194,458,13872,479,16835
,"예술, 스포츠 및 여가관련 서비스업(90~91)",계,4631,11555,4492,11332,4465,11758,4517,11806
,,단독사업체,4490,9916,4316,9471,4307,9852,4361,9866
,,"본사,본점 등",31,782,59,892,45,987,40,994
,,"공장,지사(점),영업소",110,857,117,969,113,919,116,946
,"협회 및 단체, 수리 및 기타 개인 서비스업(94~96)",계,15691,27936,15987,28474,17023,29394,18407,30457
,,단독사업체,15210,24665,15184,24491,16386,25678,17767,27066
,,"본사,본점 등",78,807,261,1257,145,965,143,851
,,"공장,지사(점),영업소",403,2464,542,2726,492,2751,497,2540
대  전,전체 산업,계,164095,688457,164664,695570,167782,709610,172209,706075
,,단독사업체,154114,472052,154485,471267,157872,479758,162006,478877
,,"본사,본점 등",1993,86341,2064,83879,1950,88965,2046,83926
,,"공장,지사(점),영업소",7988,130064,8115,140424,7960,140887,8157,143272
,"농업, 임업 및 어업(01~03)",계,96,403,90,327,84,220,74,171
,,단독사업체,86,209,84,164,79,185,69,156
,,"본사,본점 등",3,3,3,4,2,X,3,8
,,"공장,지사(점),영업소",7,191,3,159,3,32,2,X
,광업(05~08),계,10,27,8,23,8,23,6,21
,,단독사업체,10,27,8,23,7,22,5,19
,,"본사,본점 등",-,-,-,-,1,X,1,X
,제조업(10~34),계,11047,67179,11151,69175,10302,66422,9939,66618
,,단독사업체,10383,38051,10403,38423,9651,37247,9275,35523
,,"본사,본점 등",336,15004,381,15867,339,15202,343,16879
,,"공장,지사(점),영업소",328,14124,367,14885,312,13973,321,14216
,"전기, 가스, 증기 및 공기조절 공급업(35)",계,455,2187,405,2008,508,2012,622,2109
,,단독사업체,434,597,383,536,480,610,597,741
,,"본사,본점 등",2,X,2,X,4,61,4,292
,,"공장,지사(점),영업소",19,1378,20,1411,24,1341,21,1076
,"수도, 하수 및 폐기물 처리, 원료 재생업(36~39)",계,230,4596,223,4356,231,4148,236,4207
,,단독사업체,202,1462,197,2001,206,1951,207,1975
,,"본사,본점 등",12,2350,13,2139,13,1933,14,1936
,,"공장,지사(점),영업소",16,784,13,216,12,264,15,296
,건설업(41~42),계,13145,60430,13411,60042,13622,66251,14140,58437
,,단독사업체,12761,47576,13008,45721,13294,49129,13816,45990
,,"본사,본점 등",180,9941,171,10851,137,13962,145,9768
,,"공장,지사(점),영업소",204,2913,232,3470,191,3160,179,2679
,도매 및 소매업(45~47),계,43994,100570,43400,98226,45395,97798,46931,97979
,,단독사업체,41061,79957,40596,77691,42629,78478,44153,77889
,,"본사,본점 등",395,4171,376,3499,361,3551,379,3861
,,"공장,지사(점),영업소",2538,16442,2428,17036,2405,15769,2399,16229
,운수 및 창고업(49~52),계,17999,34615,18358,34980,18298,34627,19111,36024
,,단독사업체,17763,28319,18143,28753,18068,28468,18873,29782
,,"본사,본점 등",44,2667,33,2378,37,2373,46,2249
,,"공장,지사(점),영업소",192,3629,182,3849,193,3786,192,3993
,숙박 및 음식점업(55~56),계,23357,58203,23150,61195,23164,65259,22930,62460
,,단독사업체,22616,52029,22381,54515,22357,57320,22141,54813
,,"본사,본점 등",72,532,64,519,64,622,62,728
,,"공장,지사(점),영업소",669,5642,705,6161,743,7317,727,6919
,정보통신업(58~63),계,2898,20059,3235,21072,3364,21980,3486,21027
,,단독사업체,2586,12987,2851,12763,3025,12963,3112,12279
,,"본사,본점 등",106,2828,139,3817,130,4080,146,4703
,,"공장,지사(점),영업소",206,4244,245,4492,209,4937,228,4045
,금융 및 보험업(64~66),계,1681,18953,1645,18329,1682,18933,1815,20107
,,단독사업체,643,1805,626,1804,668,1722,753,1728
,,"본사,본점 등",89,1781,88,1604,91,1902,95,1963
,,"공장,지사(점),영업소",949,15367,931,14921,923,15309,967,16416
,부동산업(68),계,7297,18629,7240,18164,7208,17336,7171,16846
,,단독사업체,6437,12830,6371,12235,6347,11595,6256,10773
,,"본사,본점 등",143,1557,154,1672,127,1388,136,1541
,,"공장,지사(점),영업소",717,4242,715,4257,734,4353,779,4532
,"전문, 과학 및 기술 서비스업(70~73)",계,5806,57526,5826,59261,6042,61529,6385,61616
,,단독사업체,5063,20071,5057,19403,5297,20039,5591,19840
,,"본사,본점 등",251,19262,252,15889,245,16629,255,18284
,,"공장,지사(점),영업소",492,18193,517,23969,500,24861,539,23492
,"사업시설 관리, 사업 지원 및 임대 서비스업(74~76)",계,3954,44752,3850,44852,3964,47028,4008,43969
,,단독사업체,3485,23340,3397,23275,3520,23625,3546,23458
,,"본사,본점 등",108,7905,108,8108,104,10001,98,6796
,,"공장,지사(점),영업소",361,13507,345,13469,340,13402,364,13715
,"공공행정, 국방 및 사회보장 행정(84)",계,292,30151,290,30248,286,28917,284,30219
,,단독사업체,260,27481,257,28163,254,26919,254,28299
,,"본사,본점 등",4,1227,3,484,3,469,3,521
,,"공장,지사(점),영업소",28,1443,30,1601,29,1529,27,1399
,교육 서비스업(85),계,7382,58903,7515,58902,7952,58946,8329,60708
,,단독사업체,6951,41621,7092,41412,7540,41532,7893,44046
,,"본사,본점 등",76,6809,72,6937,73,6899,83,6179
,,"공장,지사(점),영업소",355,10473,351,10553,339,10515,353,10483
,보건업 및 사회복지 서비스업(86~87),계,5141,73371,5236,75912,5219,78629,5239,82808
,,단독사업체,4681,50922,4700,51366,4686,53973,4689,56654
,,"본사,본점 등",76,8842,101,8866,108,8678,117,6792
,,"공장,지사(점),영업소",384,13607,435,15680,425,15978,433,19362
,"예술, 스포츠 및 여가관련 서비스업(90~91)",계,4250,10681,4291,11148,4363,11423,4606,11803
,,단독사업체,4122,8817,4154,9175,4219,9286,4434,9469
,,"본사,본점 등",37,715,38,761,39,771,42,894
,,"공장,지사(점),영업소",91,1149,99,1212,105,1366,130,1440
,"협회 및 단체, 수리 및 기타 개인 서비스업(94~96)",계,15061,27222,15340,27350,16090,28129,16897,28946
,,단독사업체,14570,23951,14777,23844,15545,24694,16342,25443
,,"본사,본점 등",59,535,66,423,72,440,74,530
,,"공장,지사(점),영업소",432,2736,497,3083,473,2995,481,2973
울  산,전체 산업,계,115408,543984,115784,547780,116666,551628,116775,568107
,,단독사업체,108681,346884,108545,345321,109730,349537,109692,349065
,,"본사,본점 등",1180,60493,1579,62147,1475,60368,1476,69036
,,"공장,지사(점),영업소",5547,136607,5660,140312,5461,141723,5607,150006
,"농업, 임업 및 어업(01~03)",계,101,404,115,496,120,472,114,455
,,단독사업체,94,352,107,440,116,457,107,429
,,"본사,본점 등",4,11,5,13,4,15,5,20
,,"공장,지사(점),영업소",3,41,3,43,-,-,2,X
,광업(05~08),계,16,275,17,262,15,142,12,134
,,단독사업체,10,111,13,124,12,92,9,74
,,"본사,본점 등",3,101,2,X,2,X,2,X
,,"공장,지사(점),영업소",3,63,2,X,1,X,1,X
,제조업(10~34),계,10025,177408,10282,176701,9313,171192,8836,180998
,,단독사업체,9185,69128,9357,68336,8474,62210,7947,63962
,,"본사,본점 등",303,33279,337,30253,291,30687,311,34402
,,"공장,지사(점),영업소",537,75001,588,78112,548,78295,578,82634
,"전기, 가스, 증기 및 공기조절 공급업(35)",계,264,2789,273,2910,329,2877,422,3288
,,단독사업체,243,469,254,567,313,680,397,794
,,"본사,본점 등",6,233,2,X,3,230,6,354
,,"공장,지사(점),영업소",15,2087,17,2021,13,1967,19,2140
,"수도, 하수 및 폐기물 처리, 원료 재생업(36~39)",계,314,2752,322,2933,330,2829,314,2828
,,단독사업체,279,2186,282,2221,294,2250,282,2226
,,"본사,본점 등",12,114,16,206,14,190,13,179
,,"공장,지사(점),영업소",23,452,24,506,22,389,19,423
,건설업(41~42),계,9929,38416,10092,41150,10278,45258,10309,43170
,,단독사업체,9721,31223,9896,30833,10089,37033,10102,33969
,,"본사,본점 등",103,5175,100,8572,104,6104,112,7245
,,"공장,지사(점),영업소",105,2018,96,1745,85,2121,95,1956
,도매 및 소매업(45~47),계,26003,56293,26422,55657,26733,54654,26241,53377
,,단독사업체,24355,45094,24781,44587,25229,44575,24725,43182
,,"본사,본점 등",166,1196,197,1341,172,1088,184,1196
,,"공장,지사(점),영업소",1482,10003,1444,9729,1332,8991,1332,8999
,운수 및 창고업(49~52),계,12621,30470,11888,29714,12828,30847,13117,31777
,,단독사업체,12317,25129,11584,24158,12500,24277,12761,25063
,,"본사,본점 등",48,1305,49,1525,51,2125,55,1923
,,"공장,지사(점),영업소",256,4036,255,4031,277,4445,301,4791
,숙박 및 음식점업(55~56),계,20519,44953,20233,46257,19964,47447,19754,47957
,,단독사업체,19994,39177,19708,40131,19431,40973,19217,40065
,,"본사,본점 등",38,285,47,317,55,546,63,1403
,,"공장,지사(점),영업소",487,5491,478,5809,478,5928,474,6489
,정보통신업(58~63),계,773,4822,858,4922,916,4762,953,4716
,,단독사업체,692,3148,758,3152,834,3407,868,3088
,,"본사,본점 등",27,730,34,746,31,524,32,871
,,"공장,지사(점),영업소",54,944,66,1024,51,831,53,757
,금융 및 보험업(64~66),계,1123,11378,1083,11243,1061,11108,1102,11573
,,단독사업체,441,833,407,815,398,796,423,824
,,"본사,본점 등",54,1083,55,1163,55,1061,54,1063
,,"공장,지사(점),영업소",628,9462,621,9265,608,9251,625,9686
,부동산업(68),계,4912,11608,4840,11231,4776,11078,4626,9721
,,단독사업체,4285,7421,4169,6579,4088,6131,3922,5589
,,"본사,본점 등",79,1723,128,921,121,1062,105,1006
,,"공장,지사(점),영업소",548,2464,543,3731,567,3885,599,3126
,"전문, 과학 및 기술 서비스업(70~73)",계,3156,19828,3241,20585,3327,20764,3432,21271
,,단독사업체,2762,11893,2816,12044,2919,12301,3019,12330
,,"본사,본점 등",121,4506,141,4763,125,4676,119,4780
,,"공장,지사(점),영업소",273,3429,284,3778,283,3787,294,4161
,"사업시설 관리, 사업 지원 및 임대 서비스업(74~76)",계,2693,21195,2608,20455,2527,21380,2463,24842
,,단독사업체,2452,14459,2350,13430,2279,14047,2213,14339
,,"본사,본점 등",55,3942,64,4510,61,4573,60,6487
,,"공장,지사(점),영업소",186,2794,194,2515,187,2760,190,4016
,"공공행정, 국방 및 사회보장 행정(84)",계,221,17797,217,18290,218,17499,222,18307
,,단독사업체,200,16257,196,16844,198,16134,199,16885
,,"본사,본점 등",3,873,2,X,2,X,2,X
,,"공장,지사(점),영업소",18,667,19,1318,18,1254,21,1282
,교육 서비스업(85),계,5910,35027,6080,34543,6279,36112,6400,36325
,,단독사업체,5684,27798,5820,28595,6031,28512,6156,28588
,,"본사,본점 등",27,2321,43,2307,44,2346,47,2283
,,"공장,지사(점),영업소",199,4908,217,3641,204,5254,197,5454
,보건업 및 사회복지 서비스업(86~87),계,3106,42954,3157,44589,3170,46809,3164,49748
,,단독사업체,2706,29759,2691,30178,2710,32632,2703,34017
,,"본사,본점 등",81,3228,125,4309,126,4290,117,4572
,,"공장,지사(점),영업소",319,9967,341,10102,334,9887,344,11159
,"예술, 스포츠 및 여가관련 서비스업(90~91)",계,3143,7433,3209,7687,3224,7791,3326,7809
,,단독사업체,3031,6171,3083,6469,3093,6549,3182,6179
,,"본사,본점 등",9,82,22,175,21,176,23,387
,,"공장,지사(점),영업소",103,1180,104,1043,110,1066,121,1243
,"협회 및 단체, 수리 및 기타 개인 서비스업(94~96)",계,10579,18182,10847,18155,11258,18607,11968,19811
,,단독사업체,10230,16276,10273,15818,10722,16481,11460,17462
,,"본사,본점 등",41,306,210,510,193,515,166,677
,,"공장,지사(점),영업소",308,1600,364,1827,343,1611,342,1672
세  종,전체 산업,계,30478,152974,33076,158168,34099,163650,36117,172001
,,단독사업체,28129,115309,30031,115831,31151,120494,32953,122610
,,"본사,본점 등",442,10977,966,13784,868,14252,801,15769
,,"공장,지사(점),영업소",1907,26688,2079,28553,2080,28904,2363,33622
,"농업, 임업 및 어업(01~03)",계,87,294,88,320,85,305,85,287
,,단독사업체,74,181,72,160,74,143,73,133
,,"본사,본점 등",5,30,5,40,3,36,2,X
,,"공장,지사(점),영업소",8,83,11,120,8,126,10,132
,광업(05~08),계,8,83,7,123,9,184,9,109
,,단독사업체,7,66,5,97,5,94,7,80
,,"본사,본점 등",1,X,1,X,1,X,1,X
,,"공장,지사(점),영업소",-,-,1,X,3,71,1,X
,제조업(10~34),계,1841,21081,1949,22513,1870,23411,1830,24037
,,단독사업체,1621,9900,1703,10386,1652,10752,1591,10413
,,"본사,본점 등",74,3915,93,4070,81,4499,88,5213
,,"공장,지사(점),영업소",146,7266,153,8057,137,8160,151,8411
,"전기, 가스, 증기 및 공기조절 공급업(35)",계,347,887,375,796,393,968,536,1854
,,단독사업체,338,360,357,373,376,387,516,537
,,"본사,본점 등",1,X,11,131,9,264,9,420
,,"공장,지사(점),영업소",8,289,7,292,8,317,11,897
,"수도, 하수 및 폐기물 처리, 원료 재생업(36~39)",계,101,783,105,753,108,843,105,851
,,단독사업체,70,437,71,419,77,513,76,581
,,"본사,본점 등",7,95,7,123,5,95,2,X
,,"공장,지사(점),영업소",24,251,27,211,26,235,27,250
,건설업(41~42),계,2214,9829,2276,8630,2320,8569,2320,8395
,,단독사업체,2130,8425,2194,7311,2244,7392,2239,7099
,,"본사,본점 등",38,842,37,548,32,411,31,450
,,"공장,지사(점),영업소",46,562,45,771,44,766,50,846
,도매 및 소매업(45~47),계,6310,13772,7079,14599,7288,14619,8105,15490
,,단독사업체,5907,10648,6656,11439,6910,11549,7703,12272
,,"본사,본점 등",39,216,61,316,57,351,63,360
,,"공장,지사(점),영업소",364,2908,362,2844,321,2719,339,2858
,운수 및 창고업(49~52),계,2230,5462,2476,5879,2568,5953,2682,6479
,,단독사업체,2159,4144,2387,4415,2472,4359,2587,4558
,,"본사,본점 등",8,675,16,750,13,787,14,811
,,"공장,지사(점),영업소",63,643,73,714,83,807,81,1110
,숙박 및 음식점업(55~56),계,4583,12353,4804,13182,4829,13948,4801,13657
,,단독사업체,4340,11048,4555,11780,4581,12429,4577,12281
,,"본사,본점 등",25,135,33,167,29,179,24,164
,,"공장,지사(점),영업소",218,1170,216,1235,219,1340,200,1212
,정보통신업(58~63),계,708,2975,859,3451,975,3792,1093,3975
,,단독사업체,616,2013,741,2298,861,2513,955,2578
,,"본사,본점 등",23,224,43,322,37,347,35,328
,,"공장,지사(점),영업소",69,738,75,831,77,932,103,1069
,금융 및 보험업(64~66),계,255,1944,267,1937,277,2140,301,2526
,,단독사업체,84,140,92,154,98,179,114,205
,,"본사,본점 등",21,388,20,283,20,362,19,503
,,"공장,지사(점),영업소",150,1416,155,1500,159,1599,168,1818
,부동산업(68),계,2745,6005,2841,6085,2741,5908,2584,5674
,,단독사업체,2351,4307,2352,3780,2252,3495,2009,2628
,,"본사,본점 등",48,155,148,741,137,702,66,336
,,"공장,지사(점),영업소",346,1543,341,1564,352,1711,509,2710
,"전문, 과학 및 기술 서비스업(70~73)",계,1237,8915,1396,9598,1497,10379,1592,11527
,,단독사업체,1071,6082,1195,5986,1293,6607,1389,6258
,,"본사,본점 등",70,1770,77,2597,72,2630,65,3542
,,"공장,지사(점),영업소",96,1063,124,1015,132,1142,138,1727
,"사업시설 관리, 사업 지원 및 임대 서비스업(74~76)",계,782,5546,848,5479,848,5948,898,6409
,,단독사업체,672,2850,728,2858,731,2868,765,3009
,,"본사,본점 등",22,902,37,1030,23,1010,18,1040
,,"공장,지사(점),영업소",88,1794,83,1591,94,2070,115,2360
,"공공행정, 국방 및 사회보장 행정(84)",계,165,24610,169,23920,171,25101,183,26094
,,단독사업체,159,24149,160,23443,163,24641,174,25639
,,"공장,지사(점),영업소",6,461,9,477,8,460,9,455
,교육 서비스업(85),계,2641,17491,2947,18465,3214,19185,3528,19977
,,단독사업체,2518,14519,2801,15518,3071,16235,3374,16770
,,"본사,본점 등",20,607,40,545,41,544,35,590
,,"공장,지사(점),영업소",103,2365,106,2402,102,2406,119,2617
,보건업 및 사회복지 서비스업(86~87),계,1016,13119,1099,14020,1128,13658,1160,15433
,,단독사업체,931,9323,939,8979,968,9526,989,10289
,,"본사,본점 등",16,439,78,1193,74,1227,76,1196
,,"공장,지사(점),영업소",69,3357,82,3848,86,2905,95,3948
,"예술, 스포츠 및 여가관련 서비스업(90~91)",계,870,2830,959,3240,965,3383,1024,3459
,,단독사업체,825,2231,890,2503,892,2620,951,2655
,,"본사,본점 등",12,118,27,194,27,179,27,192
,,"공장,지사(점),영업소",33,481,42,543,46,584,46,612
,"협회 및 단체, 수리 및 기타 개인 서비스업(94~96)",계,2338,4995,2532,5178,2813,5356,3281,5768
,,단독사업체,2256,4486,2133,3932,2431,4192,2864,4625
,,"본사,본점 등",12,211,232,715,207,610,226,563
,,"공장,지사(점),영업소",70,298,167,531,175,554,191,580
경  기,전체 산업,계,1481054,5994570,1514951,6103213,1562116,6187581,1604724,6269495
,,단독사업체,1395928,4330096,1427067,4373162,1476809,4440962,1515557,4411129
,,"본사,본점 등",20594,635578,21851,628376,20299,645343,21233,709904
,,"공장,지사(점),영업소",64532,1028896,66033,1101675,65008,1101276,67934,1148462
,"농업, 임업 및 어업(01~03)",계,1649,8262,1691,8242,1667,8133,1524,7819
,,단독사업체,1441,5775,1465,5644,1473,5657,1332,5131
,,"본사,본점 등",62,738,68,749,61,786,63,1101
,,"공장,지사(점),영업소",146,1749,158,1849,133,1690,129,1587
,광업(05~08),계,116,1497,110,1610,106,1554,100,1340
,,단독사업체,74,617,68,664,69,673,65,591
,,"본사,본점 등",13,387,10,256,8,237,8,273
,,"공장,지사(점),영업소",29,493,32,690,29,644,27,476
,제조업(10~34),계,184432,1373285,187354,1387627,171187,1357108,162358,1360933
,,단독사업체,172416,888034,174266,882630,159523,853653,150282,830786
,,"본사,본점 등",5633,247070,5863,238974,5233,231814,5466,254572
,,"공장,지사(점),영업소",6383,238181,7225,266023,6431,271641,6610,275575
,"전기, 가스, 증기 및 공기조절 공급업(35)",계,6090,15557,5759,15439,7698,16554,10613,19634
,,단독사업체,5872,7041,5538,6790,7472,8552,10345,11807
,,"본사,본점 등",29,1210,25,1434,26,874,36,872
,,"공장,지사(점),영업소",189,7306,196,7215,200,7128,232,6955
,"수도, 하수 및 폐기물 처리, 원료 재생업(36~39)",계,3538,34744,3637,34890,3658,34144,3712,34754
,,단독사업체,3043,25271,3114,25374,3149,25149,3197,25292
,,"본사,본점 등",151,3485,162,3341,160,3086,155,3443
,,"공장,지사(점),영업소",344,5988,361,6175,349,5909,360,6019
,건설업(41~42),계,113884,421535,115819,404447,117019,404510,119667,396817
,,단독사업체,111276,359653,113099,342321,114684,341937,117301,333147
,,"본사,본점 등",1284,41018,1301,37364,1113,36962,1140,40174
,,"공장,지사(점),영업소",1324,20864,1419,24762,1222,25611,1226,23496
,도매 및 소매업(45~47),계,376406,909374,377002,892035,406623,915589,432142,926720
,,단독사업체,352708,717591,354569,704245,384471,729704,409331,732840
,,"본사,본점 등",4955,61505,4679,57642,4591,60269,4856,65618
,,"공장,지사(점),영업소",18743,130278,17754,130148,17561,125616,17955,128262
,운수 및 창고업(49~52),계,155809,325661,168257,340362,178600,358514,176300,371549
,,단독사업체,151742,231204,164145,243915,174255,251694,171722,254142
,,"본사,본점 등",607,22022,601,20930,625,24916,647,28025
,,"공장,지사(점),영업소",3460,72435,3511,75517,3720,81904,3931,89382
,숙박 및 음식점업(55~56),계,181248,468186,182176,498796,183285,520610,183032,504719
,,단독사업체,174385,411204,175133,437101,176023,455545,175614,438377
,,"본사,본점 등",683,5904,721,6190,754,6854,772,6460
,,"공장,지사(점),영업소",6180,51078,6322,55505,6508,58211,6646,59882
,정보통신업(58~63),계,31523,176080,34324,184325,37078,195454,44056,205061
,,단독사업체,29906,109126,32555,114158,35640,117507,42481,121632
,,"본사,본점 등",673,37963,708,38671,570,45882,650,49615
,,"공장,지사(점),영업소",944,28991,1061,31496,868,32065,925,33814
,금융 및 보험업(64~66),계,10257,101121,10062,99002,10355,101918,10970,108325
,,단독사업체,5002,13341,4894,13610,5205,14279,5603,15434
,,"본사,본점 등",451,12473,439,11722,432,12250,442,12700
,,"공장,지사(점),영업소",4804,75307,4729,73670,4718,75389,4925,80191
,부동산업(68),계,80072,180814,83322,182512,83842,178916,78464,171433
,,단독사업체,70174,134156,73091,131780,73564,126582,67167,113092
,,"본사,본점 등",1596,12173,1993,11989,1626,12507,1642,13701
,,"공장,지사(점),영업소",8302,34485,8238,38743,8652,39827,9655,44640
,"전문, 과학 및 기술 서비스업(70~73)",계,53057,343646,55452,361935,58767,371568,65586,386145
,,단독사업체,47783,145237,49896,148388,53409,156321,59896,156463
,,"본사,본점 등",1994,67731,2029,74587,1986,82585,2104,92306
,,"공장,지사(점),영업소",3280,130678,3527,138960,3372,132662,3586,137376
,"사업시설 관리, 사업 지원 및 임대 서비스업(74~76)",계,36130,269408,35053,272790,35486,269662,35554,275936
,,단독사업체,33173,164433,32219,165711,32756,165617,32720,148938
,,"본사,본점 등",798,59480,737,57090,684,58872,749,74006
,,"공장,지사(점),영업소",2159,45495,2097,49989,2046,45173,2085,52992
,"공공행정, 국방 및 사회보장 행정(84)",계,2004,152228,2038,153128,2034,152811,2058,149974
,,단독사업체,1873,144807,1893,145320,1886,145191,1902,142399
,,"본사,본점 등",8,1217,11,1533,12,1443,13,1459
,,"공장,지사(점),영업소",123,6204,134,6275,136,6177,143,6116
,교육 서비스업(85),계,64609,390147,67454,408637,72609,409918,76624,416109
,,단독사업체,61617,305752,64251,321235,69401,324444,73364,330161
,,"본사,본점 등",504,25486,577,25935,595,24360,631,23162
,,"공장,지사(점),영업소",2488,58909,2626,61467,2613,61114,2629,62786
,보건업 및 사회복지 서비스업(86~87),계,38264,510794,39559,535934,39791,561631,40215,589446
,,단독사업체,35766,400351,36658,412995,36947,438895,37258,462875
,,"본사,본점 등",452,21795,628,25902,608,27615,628,26681
,,"공장,지사(점),영업소",2046,88648,2273,97037,2236,95121,2329,99890
,"예술, 스포츠 및 여가관련 서비스업(90~91)",계,35761,108123,36601,115392,37748,117950,39702,124105
,,단독사업체,34436,83707,35125,88717,36183,91343,38009,93767
,,"본사,본점 등",273,8820,347,8409,350,8293,364,9505
,,"공장,지사(점),영업소",1052,15596,1129,18266,1215,18314,1329,20833
,"협회 및 단체, 수리 및 기타 개인 서비스업(94~96)",계,106205,204108,109281,206110,114563,211037,122047,218676
,,단독사업체,103241,182796,105088,182564,110699,188219,117968,194255
,,"본사,본점 등",428,5101,952,5658,865,5738,867,6231
,,"공장,지사(점),영업소",2536,16211,3241,17888,2999,17080,3212,18190
강  원,전체 산업,계,200365,714310,203375,727557,209314,738221,214203,751263
,,단독사업체,189862,543543,191963,547561,197887,556766,202296,560237
,,"본사,본점 등",1852,54663,2335,63261,2331,62770,2444,69553
,,"공장,지사(점),영업소",8651,116104,9077,116735,9096,118685,9463,121473
,"농업, 임업 및 어업(01~03)",계,964,5309,946,5201,963,5309,855,4710
,,단독사업체,866,4164,855,3928,872,4169,774,3584
,,"본사,본점 등",34,446,31,479,34,451,29,382
,,"공장,지사(점),영업소",64,699,60,794,57,689,52,744
,광업(05~08),계,214,4173,216,4417,203,3578,192,3833
,,단독사업체,157,1429,159,1392,149,1293,139,1240
,,"본사,본점 등",17,843,17,1617,16,924,16,1403
,,"공장,지사(점),영업소",40,1901,40,1408,38,1361,37,1190
,제조업(10~34),계,10682,64204,10805,64520,10426,63456,10161,62173
,,단독사업체,9844,38516,9908,38305,9557,37286,9234,35704
,,"본사,본점 등",330,11006,360,11035,346,10930,364,11681
,,"공장,지사(점),영업소",508,14682,537,15180,523,15240,563,14788
,"전기, 가스, 증기 및 공기조절 공급업(35)",계,5455,9007,5886,9582,6801,10264,8331,11996
,,단독사업체,5358,5755,5776,6292,6684,7106,8204,8676
,,"본사,본점 등",15,185,14,179,13,182,18,197
,,"공장,지사(점),영업소",82,3067,96,3111,104,2976,109,3123
,"수도, 하수 및 폐기물 처리, 원료 재생업(36~39)",계,638,5629,663,5971,672,5565,673,5798
,,단독사업체,544,4175,570,4459,580,4223,566,4136
,,"본사,본점 등",20,443,18,439,16,341,22,419
,,"공장,지사(점),영업소",74,1011,75,1073,76,1001,85,1243
,건설업(41~42),계,24044,76558,24845,78678,25072,79694,25436,78280
,,단독사업체,23593,69487,24416,71219,24649,71703,24983,70686
,,"본사,본점 등",209,3994,198,3665,187,4241,202,4616
,,"공장,지사(점),영업소",242,3077,231,3794,236,3750,251,2978
,도매 및 소매업(45~47),계,44218,92079,44195,91945,45006,90754,46217,90784
,,단독사업체,42026,76967,42022,76180,42869,75832,44062,75018
,,"본사,본점 등",263,1804,272,1877,259,1645,270,2236
,,"공장,지사(점),영업소",1929,13308,1901,13888,1878,13277,1885,13530
,운수 및 창고업(49~52),계,14773,30678,15328,31620,16249,32009,15565,32290
,,단독사업체,14374,23172,14939,23894,15839,24567,15127,24129
,,"본사,본점 등",54,2123,53,2341,50,2120,57,2743
,,"공장,지사(점),영업소",345,5383,336,5385,360,5322,381,5418
,숙박 및 음식점업(55~56),계,43120,96148,43293,98597,43926,101719,44281,100603
,,단독사업체,42306,85410,42412,88307,42960,90654,43297,88553
,,"본사,본점 등",95,3043,99,2620,115,3049,132,3962
,,"공장,지사(점),영업소",719,7695,782,7670,851,8016,852,8088
,정보통신업(58~63),계,2134,9810,1738,9414,1929,9435,2037,9276
,,단독사업체,1929,5755,1525,5438,1726,5392,1814,5136
,,"본사,본점 등",50,2192,56,2062,48,2009,63,2416
,,"공장,지사(점),영업소",155,1863,157,1914,155,2034,160,1724
,금융 및 보험업(64~66),계,1829,19536,1810,19275,1811,19336,1879,20054
,,단독사업체,637,1540,633,1456,620,1361,639,1437
,,"본사,본점 등",156,5972,154,5943,159,5702,159,5834
,,"공장,지사(점),영업소",1036,12024,1023,11876,1032,12273,1081,12783
,부동산업(68),계,5912,14577,6144,14818,6266,14548,6188,14179
,,단독사업체,5250,11940,5400,11664,5517,11486,5344,10709
,,"본사,본점 등",80,560,135,709,118,604,114,659
,,"공장,지사(점),영업소",582,2077,609,2445,631,2458,730,2811
,"전문, 과학 및 기술 서비스업(70~73)",계,4462,21488,4714,22098,4990,23313,5157,23473
,,단독사업체,3936,14779,4137,15180,4383,15708,4512,15388
,,"본사,본점 등",130,2624,148,2645,164,3307,186,3754
,,"공장,지사(점),영업소",396,4085,429,4273,443,4298,459,4331
,"사업시설 관리, 사업 지원 및 임대 서비스업(74~76)",계,4309,26643,4312,27972,4442,27940,4534,28857
,,단독사업체,3725,16316,3759,17189,3882,16682,3963,15819
,,"본사,본점 등",100,3445,103,4568,101,3971,106,5675
,,"공장,지사(점),영업소",484,6882,450,6215,459,7287,465,7363
,"공공행정, 국방 및 사회보장 행정(84)",계,818,47857,824,47576,827,48401,831,49038
,,단독사업체,757,43270,758,43005,760,44155,767,44791
,,"본사,본점 등",6,3290,6,3280,6,3057,5,3011
,,"공장,지사(점),영업소",55,1297,60,1291,61,1189,59,1236
,교육 서비스업(85),계,7615,56810,7798,57791,8183,57143,8396,58146
,,단독사업체,7259,46768,7403,47099,7776,46609,7992,47934
,,"본사,본점 등",50,1564,70,2386,77,2576,76,2415
,,"공장,지사(점),영업소",306,8478,325,8306,330,7958,328,7797
,보건업 및 사회복지 서비스업(86~87),계,5363,80518,5518,82272,5646,88508,5760,98613
,,단독사업체,4608,52831,4679,51208,4804,55094,4875,62168
,,"본사,본점 등",117,5296,169,11043,176,11100,181,11660
,,"공장,지사(점),영업소",638,22391,670,20021,666,22314,704,24785
,"예술, 스포츠 및 여가관련 서비스업(90~91)",계,5387,21989,5451,23655,5616,23806,5892,24038
,,단독사업체,5162,13825,5197,14250,5350,14808,5570,15121
,,"본사,본점 등",47,5281,69,5350,73,5475,78,5351
,,"공장,지사(점),영업소",178,2883,185,4055,193,3523,244,3566
,"협회 및 단체, 수리 및 기타 개인 서비스업(94~96)",계,18428,31297,18889,32155,20286,33443,21818,35122
,,단독사업체,17531,27444,17415,27096,18910,28638,20434,30008
,,"본사,본점 등",79,552,363,1023,373,1086,366,1139
,,"공장,지사(점),영업소",818,3301,1111,4036,1003,3719,1018,3975
충  북,전체 산업,계,194561,817324,197158,838620,203356,845108,208190,861910
,,단독사업체,183576,576041,185578,583276,192231,590068,196828,593603
,,"본사,본점 등",2345,80953,2528,81908,2361,84358,2446,90789
,,"공장,지사(점),영업소",8640,160330,9052,173436,8764,170682,8916,177518
,"농업, 임업 및 어업(01~03)",계,833,4370,866,4477,861,4451,824,4472
,,단독사업체,729,3202,750,3155,751,3130,717,3148
,,"본사,본점 등",34,338,43,380,37,420,38,446
,,"공장,지사(점),영업소",70,830,73,942,73,901,69,878
,광업(05~08),계,113,1139,116,1073,106,1156,110,1105
,,단독사업체,83,731,91,734,83,751,89,745
,,"본사,본점 등",10,126,7,81,6,119,4,81
,,"공장,지사(점),영업소",20,282,18,258,17,286,17,279
,제조업(10~34),계,18644,224302,19318,231173,18189,227470,17375,228821
,,단독사업체,16468,107355,16960,104645,15994,100376,15060,95969
,,"본사,본점 등",804,42740,830,43112,774,45723,850,51051
,,"공장,지사(점),영업소",1372,74207,1528,83416,1421,81371,1465,81801
,"전기, 가스, 증기 및 공기조절 공급업(35)",계,6322,7841,6530,8151,8180,9663,10529,12185
,,단독사업체,6255,6504,6459,6733,8094,8299,10437,10732
,,"본사,본점 등",10,184,16,204,18,169,16,175
,,"공장,지사(점),영업소",57,1153,55,1214,68,1195,76,1278
,"수도, 하수 및 폐기물 처리, 원료 재생업(36~39)",계,690,6451,704,6536,716,6702,697,6162
,,단독사업체,584,4308,602,4475,616,4718,589,4119
,,"본사,본점 등",25,616,24,599,20,426,21,444
,,"공장,지사(점),영업소",81,1527,78,1462,80,1558,87,1599
,건설업(41~42),계,20614,67990,21012,68751,21484,69468,22133,70576
,,단독사업체,20260,61657,20646,62135,21177,62611,21813,63948
,,"본사,본점 등",162,4404,165,4201,142,4705,136,3750
,,"공장,지사(점),영업소",192,1929,201,2415,165,2152,184,2878
,도매 및 소매업(45~47),계,43719,91392,43004,90776,44092,89411,44438,88054
,,단독사업체,41552,77182,40923,76638,42097,76686,42474,75180
,,"본사,본점 등",353,3515,340,3236,318,2752,309,2753
,,"공장,지사(점),영업소",1814,10695,1741,10902,1677,9973,1655,10121
,운수 및 창고업(49~52),계,19281,39409,19938,40368,21338,41687,21665,45792
,,단독사업체,18894,30727,19568,31840,20932,33146,21252,34087
,,"본사,본점 등",66,2693,62,2826,70,2773,67,4725
,,"공장,지사(점),영업소",321,5989,308,5702,336,5768,346,6980
,숙박 및 음식점업(55~56),계,31446,67924,31367,71219,31440,73679,31465,72168
,,단독사업체,30650,61350,30529,64226,30570,66206,30582,64642
,,"본사,본점 등",62,669,71,528,61,459,67,539
,,"공장,지사(점),영업소",734,5905,767,6465,809,7014,816,6987
,정보통신업(58~63),계,1402,7560,1541,7574,1949,8073,2145,7833
,,단독사업체,1282,5080,1429,4885,1832,5300,2024,5324
,,"본사,본점 등",30,1053,33,1163,30,1245,33,1214
,,"공장,지사(점),영업소",90,1427,79,1526,87,1528,88,1295
,금융 및 보험업(64~66),계,1532,14640,1510,14279,1546,14941,1608,15688
,,단독사업체,544,1325,531,1516,579,1363,616,1390
,,"본사,본점 등",157,2715,159,2534,158,2992,162,2960
,,"공장,지사(점),영업소",831,10600,820,10229,809,10586,830,11338
,부동산업(68),계,6497,16219,6630,15862,6754,15374,6580,15043
,,단독사업체,5681,11919,5773,11028,5913,10703,5727,10185
,,"본사,본점 등",102,442,126,550,109,426,121,474
,,"공장,지사(점),영업소",714,3858,731,4284,732,4245,732,4384
,"전문, 과학 및 기술 서비스업(70~73)",계,4432,27117,4610,27424,4845,29292,5091,29003
,,단독사업체,3855,14663,4040,14861,4322,17563,4541,17738
,,"본사,본점 등",199,6920,196,6751,167,5666,175,5734
,,"공장,지사(점),영업소",378,5534,374,5812,356,6063,375,5531
,"사업시설 관리, 사업 지원 및 임대 서비스업(74~76)",계,4681,35449,4660,36823,4698,35610,4625,34112
,,단독사업체,4172,21529,4161,22284,4235,20654,4162,18587
,,"본사,본점 등",103,4190,97,4870,99,6018,100,6224
,,"공장,지사(점),영업소",406,9730,402,9669,364,8938,363,9301
,"공공행정, 국방 및 사회보장 행정(84)",계,573,35794,577,37352,576,36027,570,36614
,,단독사업체,534,34642,538,36320,535,35001,530,35542
,,"본사,본점 등",3,94,3,118,3,148,2,X
,,"공장,지사(점),영업소",36,1058,36,914,38,878,38,929
,교육 서비스업(85),계,6947,54630,7141,55920,7567,56083,7799,56688
,,단독사업체,6598,42864,6779,43753,7196,44456,7442,45103
,,"본사,본점 등",62,3019,68,3092,73,2725,68,2566
,,"공장,지사(점),영업소",287,8747,294,9075,298,8902,289,9019
,보건업 및 사회복지 서비스업(86~87),계,5221,71568,5385,75615,5411,79469,5471,89074
,,단독사업체,4672,53645,4723,56335,4763,59484,4808,65769
,,"본사,본점 등",79,5142,112,5098,112,5379,114,5498
,,"공장,지사(점),영업소",470,12781,550,14182,536,14606,549,17807
,"예술, 스포츠 및 여가관련 서비스업(90~91)",계,4848,14495,4929,15712,5049,16137,5126,16131
,,단독사업체,4717,12339,4770,12676,4889,13018,4948,13081
,,"본사,본점 등",21,526,32,731,32,929,35,561
,,"공장,지사(점),영업소",110,1630,127,2305,128,2190,143,2489
,"협회 및 단체, 수리 및 기타 개인 서비스업(94~96)",계,16766,29034,17320,29535,18555,30415,19939,32389
,,단독사업체,16046,25019,16306,25037,17653,26603,19017,28314
,,"본사,본점 등",63,1567,144,1834,132,1284,128,1451
,,"공장,지사(점),영업소",657,2448,870,2664,770,2528,794,2624
충  남,전체 산업,계,261263,1082844,266577,1092389,276134,1100749,287424,1121335
,,단독사업체,246960,752940,251016,758135,261063,767360,271873,771813
,,"본사,본점 등",3015,103180,3544,100370,3398,99347,3515,108734
,,"공장,지사(점),영업소",11288,226724,12017,233884,11673,234042,12036,240788
,"농업, 임업 및 어업(01~03)",계,1584,7981,1636,8123,1666,8331,1626,8081
,,단독사업체,1377,5538,1424,5553,1478,5744,1441,5486
,,"본사,본점 등",58,727,62,810,48,708,49,732
,,"공장,지사(점),영업소",149,1716,150,1760,140,1879,136,1863
,광업(05~08),계,131,879,110,818,113,837,112,886
,,단독사업체,116,662,97,611,99,602,98,612
,,"본사,본점 등",7,124,7,130,7,154,6,171
,,"공장,지사(점),영업소",8,93,6,77,7,81,8,103
,제조업(10~34),계,24704,318380,25584,315551,24019,311475,22992,314597
,,단독사업체,22012,142827,22604,145210,21247,139013,20164,134059
,,"본사,본점 등",1004,64321,1091,58263,994,59194,1008,64441
,,"공장,지사(점),영업소",1688,111232,1889,112078,1778,113268,1820,116097
,"전기, 가스, 증기 및 공기조절 공급업(35)",계,12588,19533,12401,19350,15615,21757,19636,25824
,,단독사업체,12446,12915,12262,12903,15463,16230,19471,20353
,,"본사,본점 등",22,1460,16,2365,19,1520,22,1473
,,"공장,지사(점),영업소",120,5158,123,4082,133,4007,143,3998
,"수도, 하수 및 폐기물 처리, 원료 재생업(36~39)",계,853,7770,896,8042,857,7579,876,8082
,,단독사업체,706,5643,744,6081,728,5722,729,5839
,,"본사,본점 등",29,498,31,398,25,391,31,574
,,"공장,지사(점),영업소",118,1629,121,1563,104,1466,116,1669
,건설업(41~42),계,25744,85490,26898,85556,27444,84539,28272,82339
,,단독사업체,25151,75009,26251,72266,26869,72179,27715,70977
,,"본사,본점 등",242,4376,269,7435,241,5782,235,6240
,,"공장,지사(점),영업소",351,6105,378,5855,334,6578,322,5122
,도매 및 소매업(45~47),계,60491,123978,60583,123836,62559,122817,63715,121966
,,단독사업체,57361,103328,57597,102708,59599,103331,60658,101605
,,"본사,본점 등",440,3223,405,2946,430,3160,445,3322
,,"공장,지사(점),영업소",2690,17427,2581,18182,2530,16326,2612,17039
,운수 및 창고업(49~52),계,23236,48019,24286,47627,25056,48047,26613,51501
,,단독사업체,22685,39143,23753,38643,24497,39615,26031,41338
,,"본사,본점 등",82,1589,76,1677,80,1521,85,2207
,,"공장,지사(점),영업소",469,7287,457,7307,479,6911,497,7956
,숙박 및 음식점업(55~56),계,41468,90448,41510,96378,42097,99234,42099,96835
,,단독사업체,40385,82472,40372,87433,40892,89808,40865,86561
,,"본사,본점 등",107,1140,95,795,108,851,115,1220
,,"공장,지사(점),영업소",976,6836,1043,8150,1097,8575,1119,9054
,정보통신업(58~63),계,1970,8246,2206,8550,2608,8720,3526,8883
,,단독사업체,1800,6512,2021,6665,2428,6589,3353,7344
,,"본사,본점 등",36,342,53,405,45,572,48,372
,,"공장,지사(점),영업소",134,1392,132,1480,135,1559,125,1167
,금융 및 보험업(64~66),계,2012,18100,1987,18020,2050,18408,2103,19246
,,단독사업체,688,1477,660,1472,712,1469,721,1511
,,"본사,본점 등",213,3652,202,3309,207,3406,206,3386
,,"공장,지사(점),영업소",1111,12971,1125,13239,1131,13533,1176,14349
,부동산업(68),계,9311,19591,9647,19903,9777,19875,9534,20047
,,단독사업체,8292,15433,8534,14888,8689,14427,8383,13949
,,"본사,본점 등",161,1342,247,1620,211,1758,206,1717
,,"공장,지사(점),영업소",858,2816,866,3395,877,3690,945,4381
,"전문, 과학 및 기술 서비스업(70~73)",계,5694,28836,5952,29666,6261,31327,7059,31940
,,단독사업체,5055,17787,5284,18399,5571,18622,6351,19304
,,"본사,본점 등",171,4117,184,3841,191,4997,213,5364
,,"공장,지사(점),영업소",468,6932,484,7426,499,7708,495,7272
,"사업시설 관리, 사업 지원 및 임대 서비스업(74~76)",계,5860,41751,5933,39397,6185,37116,6312,37364
,,단독사업체,5307,27415,5360,24983,5635,23899,5748,22532
,,"본사,본점 등",107,5667,123,5583,126,4462,140,5891
,,"공장,지사(점),영업소",446,8669,450,8831,424,8755,424,8941
,"공공행정, 국방 및 사회보장 행정(84)",계,774,41501,774,41810,775,44299,789,43272
,,단독사업체,733,40208,733,40568,732,43265,742,42210
,,"본사,본점 등",2,X,1,X,-,-,1,X
,,"공장,지사(점),영업소",39,1219,40,1190,43,1034,46,1052
,교육 서비스업(85),계,9197,71764,9475,73726,10179,72581,10567,74604
,,단독사업체,8737,51976,8980,53322,9687,53015,10080,54327
,,"본사,본점 등",77,5799,92,5478,92,5346,96,5431
,,"공장,지사(점),영업소",383,13989,403,14926,400,14220,391,14846
,보건업 및 사회복지 서비스업(86~87),계,6984,97917,7259,101754,7229,106912,7351,115839
,,단독사업체,6324,76037,6485,77560,6459,82432,6540,90058
,,"본사,본점 등",133,3726,187,3931,185,3724,196,4146
,,"공장,지사(점),영업소",527,18154,587,20263,585,20756,615,21635
,"예술, 스포츠 및 여가관련 서비스업(90~91)",계,6006,14269,6108,15404,6245,15801,6474,16336
,,단독사업체,5889,13064,5974,14029,6102,14172,6286,14008
,,"본사,본점 등",35,496,39,526,41,725,58,1092
,,"공장,지사(점),영업소",82,709,95,849,102,904,130,1236
,"협회 및 단체, 수리 및 기타 개인 서비스업(94~96)",계,22656,38391,23332,38878,25399,41094,27768,43693
,,단독사업체,21896,35494,21881,34841,24176,37226,26497,39740
,,"본사,본점 등",89,507,364,806,348,1076,355,945
,,"공장,지사(점),영업소",671,2390,1087,3231,875,2792,916,3008
전  북,전체 산업,계,231380,791096,232695,795273,239757,799091,252411,817157
,,단독사업체,219340,603892,219332,596796,226800,604799,239176,610883
,,"본사,본점 등",2416,53341,3752,57552,3445,56030,3473,60645
,,"공장,지사(점),영업소",9624,133863,9611,140925,9512,138262,9762,145629
,"농업, 임업 및 어업(01~03)",계,1509,6348,1554,6429,1413,5996,1363,5729
,,단독사업체,1357,4311,1394,4410,1283,4083,1233,3903
,,"본사,본점 등",53,453,50,351,35,265,37,264
,,"공장,지사(점),영업소",99,1584,110,1668,95,1648,93,1562
,광업(05~08),계,116,834,108,734,99,753,88,613
,,단독사업체,103,718,97,617,90,653,79,518
,,"본사,본점 등",8,97,7,91,6,65,6,60
,,"공장,지사(점),영업소",5,19,4,26,3,35,3,35
,제조업(10~34),계,16384,121697,16667,123074,15570,120105,15002,119854
,,단독사업체,14918,63875,15109,62684,14078,60171,13508,59129
,,"본사,본점 등",517,19930,574,20308,539,19780,547,20936
,,"공장,지사(점),영업소",949,37892,984,40082,953,40154,947,39789
,"전기, 가스, 증기 및 공기조절 공급업(35)",계,21774,24390,22757,25694,25570,28140,33073,35803
,,단독사업체,21607,21971,22581,23168,25368,25734,32851,33404
,,"본사,본점 등",35,339,47,362,47,313,44,281
,,"공장,지사(점),영업소",132,2080,129,2164,155,2093,178,2118
,"수도, 하수 및 폐기물 처리, 원료 재생업(36~39)",계,613,5794,609,5913,639,5929,636,6044
,,단독사업체,538,4355,535,4294,554,4207,553,4304
,,"본사,본점 등",12,118,16,278,18,348,19,364
,,"공장,지사(점),영업소",63,1321,58,1341,67,1374,64,1376
,건설업(41~42),계,22623,71806,23179,68203,23170,68448,23297,66989
,,단독사업체,22183,66434,22755,62721,22813,63493,22947,62101
,,"본사,본점 등",215,3190,214,3094,168,2421,170,2789
,,"공장,지사(점),영업소",225,2182,210,2388,189,2534,180,2099
,도매 및 소매업(45~47),계,53139,105497,51482,102216,52432,99833,52638,98230
,,단독사업체,50421,89297,48898,86172,49876,85144,50100,82476
,,"본사,본점 등",380,2744,391,2673,374,2568,374,2779
,,"공장,지사(점),영업소",2338,13456,2193,13371,2182,12121,2164,12975
,운수 및 창고업(49~52),계,20718,38984,21527,39365,22586,40099,23070,42478
,,단독사업체,20368,32810,21188,33043,22257,33953,22716,35173
,,"본사,본점 등",60,1809,63,1885,59,1894,60,2245
,,"공장,지사(점),영업소",290,4365,276,4437,270,4252,294,5060
,숙박 및 음식점업(55~56),계,31328,69834,31213,73474,31373,74778,31394,72740
,,단독사업체,30659,64775,30537,67758,30637,68426,30665,66430
,,"본사,본점 등",80,791,97,1225,86,1318,86,1336
,,"공장,지사(점),영업소",589,4268,579,4491,650,5034,643,4974
,정보통신업(58~63),계,1629,8135,1680,8475,1815,8535,1853,8008
,,단독사업체,1472,6102,1500,6047,1645,6276,1684,5842
,,"본사,본점 등",43,496,46,522,39,436,43,583
,,"공장,지사(점),영업소",114,1537,134,1906,131,1823,126,1583
,금융 및 보험업(64~66),계,2099,22004,2037,22120,2125,21846,2227,23426
,,단독사업체,725,1913,700,1994,794,2261,833,1968
,,"본사,본점 등",178,3617,174,3759,177,3651,184,3610
,,"공장,지사(점),영업소",1196,16474,1163,16367,1154,15934,1210,17848
,부동산업(68),계,7110,16346,7001,16164,6970,15553,6879,16232
,,단독사업체,5980,10495,5854,9629,5872,9225,5745,8780
,,"본사,본점 등",150,643,246,1134,211,944,207,1551
,,"공장,지사(점),영업소",980,5208,901,5401,887,5384,927,5901
,"전문, 과학 및 기술 서비스업(70~73)",계,5227,26374,5270,26903,5380,28266,5530,27750
,,단독사업체,4752,18719,4765,18587,4899,19167,5007,18407
,,"본사,본점 등",133,3835,162,4258,152,4655,162,5004
,,"공장,지사(점),영업소",342,3820,343,4058,329,4444,361,4339
,"사업시설 관리, 사업 지원 및 임대 서비스업(74~76)",계,4327,24024,4150,23244,4145,22595,4233,22808
,,단독사업체,3911,17082,3737,16343,3748,15820,3822,15953
,,"본사,본점 등",83,2221,82,1913,83,2056,84,2355
,,"공장,지사(점),영업소",333,4721,331,4988,314,4719,327,4500
,"공공행정, 국방 및 사회보장 행정(84)",계,926,41386,932,42965,931,43730,932,44307
,,단독사업체,880,38637,886,40181,886,41015,884,41535
,,"본사,본점 등",1,X,3,1712,2,X,4,1688
,,"공장,지사(점),영업소",45,1184,43,1072,43,1066,44,1084
,교육 서비스업(85),계,9061,60935,9098,60804,9383,59913,9562,60085
,,단독사업체,8597,46881,8583,46686,8878,45757,9061,45550
,,"본사,본점 등",101,2352,132,2048,126,2088,119,2141
,,"공장,지사(점),영업소",363,11702,383,12070,379,12068,382,12394
,보건업 및 사회복지 서비스업(86~87),계,6783,97263,6990,99395,7041,102573,7227,109268
,,단독사업체,5888,71362,5885,69414,5983,74229,6128,75651
,,"본사,본점 등",191,7788,337,9291,327,9268,329,10516
,,"공장,지사(점),영업소",704,18113,768,20690,731,19076,770,23101
,"예술, 스포츠 및 여가관련 서비스업(90~91)",계,4857,13645,4960,14466,5037,14752,5190,14676
,,단독사업체,4695,12115,4736,12413,4808,12646,4950,12521
,,"본사,본점 등",37,423,87,656,84,485,81,499
,,"공장,지사(점),영업소",125,1107,137,1397,145,1621,159,1656
,"협회 및 단체, 수리 및 기타 개인 서비스업(94~96)",계,21157,35800,21481,35635,24078,37247,28217,42117
,,단독사업체,20286,32040,19592,30635,22331,32539,26410,37238
,,"본사,본점 등",139,930,1024,1992,912,1826,917,1644
,,"공장,지사(점),영업소",732,2830,865,3008,835,2882,890,3235
전  남,전체 산업,계,234688,856478,236470,862357,243020,888352,253206,899604
,,단독사업체,222641,661269,223179,663223,230406,683109,240470,685834
,,"본사,본점 등",2582,62444,3495,64156,3111,69071,3151,72091
,,"공장,지사(점),영업소",9465,132765,9796,134978,9503,136172,9585,141679
,"농업, 임업 및 어업(01~03)",계,2281,11185,2380,11161,2057,9869,1967,10112
,,단독사업체,2085,8459,2181,8513,1888,7047,1815,7442
,,"본사,본점 등",75,1476,75,1269,60,1441,55,1345
,,"공장,지사(점),영업소",121,1250,124,1379,109,1381,97,1325
,광업(05~08),계,962,2904,828,2547,848,2318,961,2487
,,단독사업체,939,2511,807,2138,829,2082,943,2225
,,"본사,본점 등",3,28,3,21,4,38,3,43
,,"공장,지사(점),영업소",20,365,18,388,15,198,15,219
,제조업(10~34),계,17417,126107,18103,128548,16993,129241,16143,128939
,,단독사업체,16146,75977,16712,78657,15751,77744,14920,73749
,,"본사,본점 등",438,14431,473,14378,426,15055,432,16880
,,"공장,지사(점),영업소",833,35699,918,35513,816,36442,791,38310
,"전기, 가스, 증기 및 공기조절 공급업(35)",계,12835,20450,12391,20119,16045,23152,22255,29204
,,단독사업체,12632,13339,12199,12821,15852,16333,22044,22789
,,"본사,본점 등",32,2918,32,2967,32,2743,36,2342
,,"공장,지사(점),영업소",171,4193,160,4331,161,4076,175,4073
,"수도, 하수 및 폐기물 처리, 원료 재생업(36~39)",계,800,7966,801,7745,821,7538,823,7542
,,단독사업체,694,5268,699,5374,721,5252,718,5252
,,"본사,본점 등",27,797,28,760,29,819,30,681
,,"공장,지사(점),영업소",79,1901,74,1611,71,1467,75,1609
,건설업(41~42),계,24868,103198,25825,101571,26314,108835,26554,104319
,,단독사업체,24031,84259,24997,82867,25592,86579,25801,82837
,,"본사,본점 등",473,13912,465,13596,420,16734,448,16366
,,"공장,지사(점),영업소",364,5027,363,5108,302,5522,305,5116
,도매 및 소매업(45~47),계,54801,108380,53903,106690,54466,105727,54664,103477
,,단독사업체,52015,92768,51197,90808,51842,90308,52084,87907
,,"본사,본점 등",423,2752,437,2899,414,2726,382,2611
,,"공장,지사(점),영업소",2363,12860,2269,12983,2210,12693,2198,12959
,운수 및 창고업(49~52),계,24332,52829,24579,52322,24616,52183,25782,55134
,,단독사업체,23730,41430,24001,41053,24031,41444,25194,43007
,,"본사,본점 등",121,3314,111,3311,116,3249,116,3159
,,"공장,지사(점),영업소",481,8085,467,7958,469,7490,472,8968
,숙박 및 음식점업(55~56),계,37061,77372,36745,80072,37127,82873,37394,80333
,,단독사업체,36480,72601,36145,75112,36513,77697,36747,75160
,,"본사,본점 등",61,511,81,615,68,616,76,511
,,"공장,지사(점),영업소",520,4260,519,4345,546,4560,571,4662
,정보통신업(58~63),계,1586,9276,1693,9673,1772,9594,1762,8684
,,단독사업체,1384,6185,1466,6125,1565,6063,1571,5921
,,"본사,본점 등",47,1352,52,1376,44,1476,45,1171
,,"공장,지사(점),영업소",155,1739,175,2172,163,2055,146,1592
,금융 및 보험업(64~66),계,1964,19514,1922,19256,1938,18988,1957,19185
,,단독사업체,538,1300,515,1267,543,1216,563,1331
,,"본사,본점 등",230,4277,224,4242,224,3998,227,4101
,,"공장,지사(점),영업소",1196,13937,1183,13747,1171,13774,1167,13753
,부동산업(68),계,5249,14034,5544,14004,5470,13503,5236,13233
,,단독사업체,4631,10347,4885,10120,4821,9747,4590,9011
,,"본사,본점 등",75,417,132,574,124,591,119,822
,,"공장,지사(점),영업소",543,3270,527,3310,525,3165,527,3400
,"전문, 과학 및 기술 서비스업(70~73)",계,4442,22951,4542,23279,4716,24717,4805,23655
,,단독사업체,3937,14611,4006,14347,4205,15233,4273,14261
,,"본사,본점 등",151,4578,153,4359,149,5135,158,4741
,,"공장,지사(점),영업소",354,3762,383,4573,362,4349,374,4653
,"사업시설 관리, 사업 지원 및 임대 서비스업(74~76)",계,4401,28732,4340,26230,4381,26727,4373,27102
,,단독사업체,3900,19870,3837,18390,3874,17740,3859,16016
,,"본사,본점 등",106,3250,113,3397,107,3991,111,6222
,,"공장,지사(점),영업소",395,5612,390,4443,400,4996,403,4864
,"공공행정, 국방 및 사회보장 행정(84)",계,1291,51286,1300,55097,1292,59202,1292,62608
,,단독사업체,1235,49637,1239,53371,1232,57411,1233,60816
,,"본사,본점 등",4,572,6,612,7,668,5,712
,,"공장,지사(점),영업소",52,1077,55,1114,53,1123,54,1080
,교육 서비스업(85),계,7627,55766,7808,56496,8124,56309,8374,57509
,,단독사업체,7285,46695,7443,47416,7770,47579,8017,48515
,,"본사,본점 등",71,2272,89,2378,78,2273,81,2016
,,"공장,지사(점),영업소",271,6799,276,6702,276,6457,276,6978
,보건업 및 사회복지 서비스업(86~87),계,6358,93974,6573,96420,6657,103727,6735,108728
,,단독사업체,5590,71362,5605,70608,5703,76526,5753,79281
,,"본사,본점 등",135,4336,248,5322,231,5290,240,6143
,,"공장,지사(점),영업소",633,18276,720,20490,723,21911,742,23304
,"예술, 스포츠 및 여가관련 서비스업(90~91)",계,4931,15737,5149,16486,5180,17257,5364,17816
,,단독사업체,4802,13261,4957,14071,5014,14519,5180,14925
,,"본사,본점 등",30,693,81,690,57,998,57,898
,,"공장,지사(점),영업소",99,1783,111,1725,109,1740,127,1993
,"협회 및 단체, 수리 및 기타 개인 서비스업(94~96)",계,21482,34817,22044,34641,24203,36592,26765,39537
,,단독사업체,20587,31389,20288,30165,22660,32589,25165,35389
,,"본사,본점 등",80,558,692,1390,521,1230,530,1327
,,"공장,지사(점),영업소",815,2870,1064,3086,1022,2773,1070,2821
경  북,전체 산업,계,328657,1234314,333276,1255587,336555,1263352,344568,1283224
,,단독사업체,312071,892125,315413,899559,319627,911906,327179,921683
,,"본사,본점 등",3440,111392,4168,116976,3915,108497,3972,115738
,,"공장,지사(점),영업소",13146,230797,13695,239052,13013,242949,13417,245803
,"농업, 임업 및 어업(01~03)",계,1236,6693,1277,7384,1271,7209,1235,6923
,,단독사업체,1062,4735,1101,5350,1095,5156,1059,4927
,,"본사,본점 등",45,510,48,570,50,582,53,644
,,"공장,지사(점),영업소",129,1448,128,1464,126,1471,123,1352
,광업(05~08),계,196,1344,196,1299,174,1130,156,1061
,,단독사업체,177,1018,176,989,152,878,135,831
,,"본사,본점 등",3,66,5,81,8,98,8,74
,,"공장,지사(점),영업소",16,260,15,229,14,154,13,156
,제조업(10~34),계,37897,315862,38816,325945,35501,320444,33867,317918
,,단독사업체,35130,175484,35795,176926,32791,171869,31075,166537
,,"본사,본점 등",1051,48947,1141,54423,1026,47061,1058,50663
,,"공장,지사(점),영업소",1716,91431,1880,94596,1684,101514,1734,100718
,"전기, 가스, 증기 및 공기조절 공급업(35)",계,11551,19240,13224,20958,15073,22051,21474,28613
,,단독사업체,11402,12032,13037,13604,14881,15210,21261,21801
,,"본사,본점 등",25,260,31,184,35,206,34,201
,,"공장,지사(점),영업소",124,6948,156,7170,157,6635,179,6611
,"수도, 하수 및 폐기물 처리, 원료 재생업(36~39)",계,1246,10567,1293,10780,1243,10688,1252,10688
,,단독사업체,1057,6989,1079,6987,1044,6949,1056,6880
,,"본사,본점 등",41,918,50,1063,43,1021,42,1043
,,"공장,지사(점),영업소",148,2660,164,2730,156,2718,154,2765
,건설업(41~42),계,32419,100762,33498,100530,33756,101001,34158,102598
,,단독사업체,31754,88355,32859,89549,33134,90208,33513,89818
,,"본사,본점 등",351,8219,346,6707,309,6782,307,8443
,,"공장,지사(점),영업소",314,4188,293,4274,313,4011,338,4337
,도매 및 소매업(45~47),계,73428,145410,72987,144474,73945,142835,74143,140526
,,단독사업체,70205,123998,69780,123313,70799,122482,70976,119238
,,"본사,본점 등",414,3067,472,3185,475,3280,465,3586
,,"공장,지사(점),영업소",2809,18345,2735,17976,2671,17073,2702,17702
,운수 및 창고업(49~52),계,32491,61730,32852,59884,33831,62288,33267,62534
,,단독사업체,31872,48005,32252,47060,33196,48939,32621,49203
,,"본사,본점 등",97,4735,110,4488,112,3531,120,3435
,,"공장,지사(점),영업소",522,8990,490,8336,523,9818,526,9896
,숙박 및 음식점업(55~56),계,55386,110114,54907,114978,54980,117020,55153,114727
,,단독사업체,54389,101150,53866,105172,53915,107376,54044,105104
,,"본사,본점 등",87,700,110,1066,105,1029,111,1144
,,"공장,지사(점),영업소",910,8264,931,8740,960,8615,998,8479
,정보통신업(58~63),계,2109,10028,2295,10312,2449,10390,2482,9898
,,단독사업체,1905,7492,2052,7521,2241,7533,2277,7439
,,"본사,본점 등",53,774,66,896,52,835,54,810
,,"공장,지사(점),영업소",151,1762,177,1895,156,2022,151,1649
,금융 및 보험업(64~66),계,2702,23247,2653,23049,2628,22914,2688,23772
,,단독사업체,936,1873,910,1927,920,1923,965,2006
,,"본사,본점 등",292,4793,282,4443,271,4174,272,4222
,,"공장,지사(점),영업소",1474,16581,1461,16679,1437,16817,1451,17544
,부동산업(68),계,8638,21684,8715,21173,8705,19947,8501,19187
,,단독사업체,7745,15668,7693,14252,7708,13537,7469,12668
,,"본사,본점 등",83,2268,194,2302,180,1774,180,1308
,,"공장,지사(점),영업소",810,3748,828,4619,817,4636,852,5211
,"전문, 과학 및 기술 서비스업(70~73)",계,6149,36026,6272,34738,6466,39105,6631,38948
,,단독사업체,5347,18681,5437,18257,5655,19232,5784,18649
,,"본사,본점 등",287,10642,289,9923,265,13339,290,13440
,,"공장,지사(점),영업소",515,6703,546,6558,546,6534,557,6859
,"사업시설 관리, 사업 지원 및 임대 서비스업(74~76)",계,6072,32475,5950,33754,5941,34209,5742,32978
,,단독사업체,5404,21955,5305,22845,5311,21910,5138,21425
,,"본사,본점 등",122,3722,119,3313,116,4709,106,4568
,,"공장,지사(점),영업소",546,6798,526,7596,514,7590,498,6985
,"공공행정, 국방 및 사회보장 행정(84)",계,1309,60843,1318,62414,1283,63582,1286,69071
,,단독사업체,1245,59178,1250,60757,1216,61689,1218,67163
,,"본사,본점 등",2,X,3,76,3,390,2,X
,,"공장,지사(점),영업소",62,1563,65,1581,64,1503,66,1487
,교육 서비스업(85),계,11823,83737,12126,85034,12585,82638,12914,83138
,,단독사업체,11179,57239,11474,58391,11952,57016,12275,57493
,,"본사,본점 등",124,8045,129,8406,135,7082,141,7244
,,"공장,지사(점),영업소",520,18453,523,18237,498,18540,498,18401
,보건업 및 사회복지 서비스업(86~87),계,8366,127371,8593,130136,8441,134791,8625,147257
,,단독사업체,7329,89113,7415,87709,7328,97636,7491,106494
,,"본사,본점 등",215,12221,284,13751,283,10744,289,12300
,,"공장,지사(점),영업소",822,26037,894,28676,830,26411,845,28463
,"예술, 스포츠 및 여가관련 서비스업(90~91)",계,6826,19756,6874,20747,7028,21795,7210,21777
,,단독사업체,6602,16804,6616,17464,6774,18404,6933,18145
,,"본사,본점 등",41,475,60,553,51,467,48,602
,,"공장,지사(점),영업소",183,2477,198,2730,203,2924,229,3030
,"협회 및 단체, 수리 및 기타 개인 서비스업(94~96)",계,28813,47425,29430,47998,31255,49315,33784,51610
,,단독사업체,27331,42356,27316,41486,29515,43959,31889,45862
,,"본사,본점 등",107,928,429,1546,396,1393,392,1590
,,"공장,지사(점),영업소",1375,4141,1685,4966,1344,3963,1503,4158
경  남,전체 산업,계,392614,1511931,397699,1529668,399164,1547788,403774,1557690
,,단독사업체,373160,1122849,377249,1131323,379567,1138570,383463,1135979
,,"본사,본점 등",4081,158355,4542,155552,4208,160722,4302,169627
,,"공장,지사(점),영업소",15373,230727,15908,242793,15389,248496,16009,252084
,"농업, 임업 및 어업(01~03)",계,1057,5833,1116,5812,1149,6363,1087,5734
,,단독사업체,956,4647,1012,4590,1050,4931,991,4408
,,"본사,본점 등",27,226,28,214,21,245,21,223
,,"공장,지사(점),영업소",74,960,76,1008,78,1187,75,1103
,광업(05~08),계,111,730,109,700,86,669,79,639
,,단독사업체,98,622,95,606,76,557,66,529
,,"본사,본점 등",6,53,6,36,3,46,5,41
,,"공장,지사(점),영업소",7,55,8,58,7,66,8,69
,제조업(10~34),계,49462,406186,51033,412666,46864,413205,44369,412477
,,단독사업체,46385,246349,47700,250196,43799,249039,41191,241516
,,"본사,본점 등",1369,89051,1436,86587,1314,85731,1366,91466
,,"공장,지사(점),영업소",1708,70786,1897,75883,1751,78435,1812,79495
,"전기, 가스, 증기 및 공기조절 공급업(35)",계,5927,10479,6530,11055,7643,11753,10605,15105
,,단독사업체,5788,6162,6377,6744,7473,7761,10424,10798
,,"본사,본점 등",21,706,28,709,31,449,32,689
,,"공장,지사(점),영업소",118,3611,125,3602,139,3543,149,3618
,"수도, 하수 및 폐기물 처리, 원료 재생업(36~39)",계,1260,11100,1315,11483,1268,11128,1258,11157
,,단독사업체,1062,7831,1115,8151,1085,8093,1079,8206
,,"본사,본점 등",44,659,48,656,44,602,40,536
,,"공장,지사(점),영업소",154,2610,152,2676,139,2433,139,2415
,건설업(41~42),계,32433,107617,33409,103858,33704,103502,33922,102350
,,단독사업체,31777,95857,32727,92880,33173,93403,33357,92935
,,"본사,본점 등",318,7864,323,6848,245,6225,256,5893
,,"공장,지사(점),영업소",338,3896,359,4130,286,3874,309,3522
,도매 및 소매업(45~47),계,90075,185680,89910,183450,90637,179320,90490,175723
,,단독사업체,85783,154380,85578,151559,86526,149178,86424,145310
,,"본사,본점 등",550,5421,587,5911,562,5810,539,5723
,,"공장,지사(점),영업소",3742,25879,3745,25980,3549,24332,3527,24690
,운수 및 창고업(49~52),계,35988,80884,36520,79646,38517,85204,39823,85292
,,단독사업체,35189,61821,35730,61765,37686,63862,38967,66497
,,"본사,본점 등",139,4872,143,4427,156,4731,155,4794
,,"공장,지사(점),영업소",660,14191,647,13454,675,16611,701,14001
,숙박 및 음식점업(55~56),계,68765,140508,68055,146388,67454,148810,66831,143292
,,단독사업체,67526,129780,66782,134653,66143,136703,65459,131136
,,"본사,본점 등",121,1119,124,1155,119,1067,118,1142
,,"공장,지사(점),영업소",1118,9609,1149,10580,1192,11040,1254,11014
,정보통신업(58~63),계,2494,12487,2696,13071,2961,13633,3047,12407
,,단독사업체,2232,8723,2407,9268,2711,9536,2770,8464
,,"본사,본점 등",63,1400,79,1237,62,1373,78,1580
,,"공장,지사(점),영업소",199,2364,210,2566,188,2724,199,2363
,금융 및 보험업(64~66),계,3310,33758,3252,32794,3287,34025,3367,35137
,,단독사업체,1112,2983,1072,2667,1095,2685,1148,2628
,,"본사,본점 등",275,5671,274,5367,277,5511,271,5409
,,"공장,지사(점),영업소",1923,25104,1906,24760,1915,25829,1948,27100
,부동산업(68),계,13675,34340,13771,33570,13607,32666,13365,32915
,,단독사업체,12149,24314,12234,23424,12139,22447,11639,20156
,,"본사,본점 등",196,4729,299,4807,241,4835,223,5226
,,"공장,지사(점),영업소",1330,5297,1238,5339,1227,5384,1503,7533
,"전문, 과학 및 기술 서비스업(70~73)",계,9180,42846,9426,43951,9562,44873,10028,45770
,,단독사업체,8295,28610,8471,27973,8648,28747,9056,28420
,,"본사,본점 등",249,7030,295,8169,274,8381,298,9598
,,"공장,지사(점),영업소",636,7206,660,7809,640,7745,674,7752
,"사업시설 관리, 사업 지원 및 임대 서비스업(74~76)",계,8395,44220,8187,45789,7737,46599,7532,46610
,,단독사업체,7569,26398,7411,26671,6977,24976,6794,25096
,,"본사,본점 등",180,9298,166,9082,167,12129,163,12390
,,"공장,지사(점),영업소",646,8524,610,10036,593,9494,575,9124
,"공공행정, 국방 및 사회보장 행정(84)",계,1100,61375,1096,63732,1104,65030,1112,68027
,,단독사업체,1042,58953,1038,61294,1044,62550,1047,65469
,,"본사,본점 등",3,657,4,722,4,767,5,881
,,"공장,지사(점),영업소",55,1765,54,1716,56,1713,60,1677
,교육 서비스업(85),계,17005,100290,17434,101584,17966,100994,18396,102370
,,단독사업체,16340,83083,16741,84530,17272,84222,17697,85963
,,"본사,본점 등",122,6137,132,5489,134,5285,136,5241
,,"공장,지사(점),영업소",543,11070,561,11565,560,11487,563,11166
,보건업 및 사회복지 서비스업(86~87),계,10159,151573,10427,156520,10380,165589,10415,175146
,,단독사업체,9109,110504,9277,112186,9257,116140,9217,122813
,,"본사,본점 등",235,11305,270,12132,280,15390,299,16537
,,"공장,지사(점),영업소",815,29764,880,32202,843,34059,899,35796
,"예술, 스포츠 및 여가관련 서비스업(90~91)",계,8072,23322,8350,25109,8344,25298,8586,25837
,,단독사업체,7818,19206,8050,20522,8035,20919,8240,20571
,,"본사,본점 등",38,1113,49,741,46,1025,50,1086
,,"공장,지사(점),영업소",216,3003,251,3846,263,3354,296,4180
,"협회 및 단체, 수리 및 기타 개인 서비스업(94~96)",계,34146,58703,35063,58490,36894,59127,39462,61702
,,단독사업체,32930,52626,33432,51644,35378,52821,37897,55064
,,"본사,본점 등",125,1044,251,1263,228,1120,247,1172
,,"공장,지사(점),영업소",1091,5033,1380,5583,1288,5186,1318,5466
제  주,전체 산업,계,96131,323316,96334,320419,99122,328773,100168,330702
,,단독사업체,91270,250553,91015,247893,94042,255230,95001,252720
,,"본사,본점 등",879,24933,1270,23188,1154,22729,1144,26134
,,"공장,지사(점),영업소",3982,47830,4049,49338,3926,50814,4023,51848
,"농업, 임업 및 어업(01~03)",계,755,4093,752,3504,719,3517,686,3275
,,단독사업체,695,3169,670,2630,638,2758,610,2479
,,"본사,본점 등",20,184,38,225,33,159,28,194
,,"공장,지사(점),영업소",40,740,44,649,48,600,48,602
,광업(05~08),계,11,185,11,164,11,161,9,152
,,단독사업체,10,167,10,147,10,144,8,135
,,"본사,본점 등",1,X,1,X,1,X,1,X
,제조업(10~34),계,3704,13819,3695,13561,3410,12966,3224,12905
,,단독사업체,3462,10245,3448,10265,3196,9468,3010,9136
,,"본사,본점 등",82,2030,88,1834,68,1826,73,2218
,,"공장,지사(점),영업소",160,1544,159,1462,146,1672,141,1551
,"전기, 가스, 증기 및 공기조절 공급업(35)",계,1119,2436,1073,2377,1121,2496,1291,2742
,,단독사업체,1090,1283,1042,1168,1083,1183,1256,1421
,,"본사,본점 등",1,X,10,60,10,58,9,78
,,"공장,지사(점),영업소",28,1092,21,1149,28,1255,26,1243
,"수도, 하수 및 폐기물 처리, 원료 재생업(36~39)",계,190,1530,196,1493,196,1284,196,1263
,,단독사업체,169,1157,174,1209,175,1085,174,1014
,,"본사,본점 등",4,57,5,61,4,29,3,36
,,"공장,지사(점),영업소",17,316,17,223,17,170,19,213
,건설업(41~42),계,9434,32815,9492,29865,9597,29094,9492,27439
,,단독사업체,9302,30749,9361,27386,9504,27001,9391,25264
,,"본사,본점 등",64,1407,65,1459,46,1092,45,1260
,,"공장,지사(점),영업소",68,659,66,1020,47,1001,56,915
,도매 및 소매업(45~47),계,21872,50976,21342,49569,21986,48997,22274,48599
,,단독사업체,20765,41780,20249,40228,20895,40115,21161,39571
,,"본사,본점 등",154,1834,178,1890,180,1569,178,1611
,,"공장,지사(점),영업소",953,7362,915,7451,911,7313,935,7417
,운수 및 창고업(49~52),계,8076,17415,8193,17114,8429,19321,8185,19359
,,단독사업체,7970,14678,8087,14258,8319,14548,8064,14512
,,"본사,본점 등",21,646,23,721,19,741,18,865
,,"공장,지사(점),영업소",85,2091,83,2135,91,4032,103,3982
,숙박 및 음식점업(55~56),계,23469,58120,23671,60073,24251,61124,24243,57968
,,단독사업체,22872,49764,23044,51218,23594,52211,23596,48713
,,"본사,본점 등",108,1593,125,1335,126,1398,126,1500
,,"공장,지사(점),영업소",489,6763,502,7520,531,7515,521,7755
,정보통신업(58~63),계,967,6168,1028,5622,1083,5774,1076,5317
,,단독사업체,856,2934,910,2752,965,2851,966,2710
,,"본사,본점 등",29,1864,33,1473,31,1431,26,1322
,,"공장,지사(점),영업소",82,1370,85,1397,87,1492,84,1285
,금융 및 보험업(64~66),계,861,8381,865,8287,881,7997,901,8262
,,단독사업체,342,743,336,736,343,747,353,754
,,"본사,본점 등",72,1644,73,1730,76,1725,76,1674
,,"공장,지사(점),영업소",447,5994,456,5821,462,5525,472,5834
,부동산업(68),계,3977,7031,4039,7117,4095,6823,3911,6443
,,단독사업체,3509,5638,3567,5653,3660,5600,3515,5258
,,"본사,본점 등",51,171,112,332,89,201,78,200
,,"공장,지사(점),영업소",417,1222,360,1132,346,1022,318,985
,"전문, 과학 및 기술 서비스업(70~73)",계,2773,10346,2819,10095,2975,10330,3110,10733
,,단독사업체,2581,7784,2609,7833,2761,8129,2863,8188
,,"본사,본점 등",47,1154,50,935,65,963,79,1089
,,"공장,지사(점),영업소",145,1408,160,1327,149,1238,168,1456
,"사업시설 관리, 사업 지원 및 임대 서비스업(74~76)",계,2961,15162,2821,14043,2880,15066,2904,15161
,,단독사업체,2738,7568,2586,7479,2663,7494,2680,7402
,,"본사,본점 등",65,3568,88,2848,82,3167,82,3521
,,"공장,지사(점),영업소",158,4026,147,3716,135,4405,142,4238
,"공공행정, 국방 및 사회보장 행정(84)",계,224,17353,223,18668,227,20721,238,23324
,,단독사업체,209,16249,209,17568,213,19576,220,22471
,,"본사,본점 등",3,727,3,748,3,809,3,441
,,"공장,지사(점),영업소",12,377,11,352,11,336,15,412
,교육 서비스업(85),계,3789,22525,3820,22845,4217,23301,4484,23346
,,단독사업체,3647,18643,3657,18990,4051,19703,4307,19558
,,"본사,본점 등",21,877,29,761,33,631,34,659
,,"공장,지사(점),영업소",121,3005,134,3094,133,2967,143,3129
,보건업 및 사회복지 서비스업(86~87),계,2160,28769,2260,29177,2300,31847,2324,35359
,,단독사업체,1794,17250,1831,17165,1917,20214,1923,20929
,,"본사,본점 등",72,5357,108,5242,100,5324,104,7941
,,"공장,지사(점),영업소",294,6162,321,6770,283,6309,297,6489
,"예술, 스포츠 및 여가관련 서비스업(90~91)",계,2645,12044,2715,12417,2784,13281,2907,13949
,,단독사업체,2535,8627,2573,8985,2630,9609,2750,10173
,,"본사,본점 등",30,1153,41,938,42,1148,40,1060
,,"공장,지사(점),영업소",80,2264,101,2494,112,2524,117,2716
,"협회 및 단체, 수리 및 기타 개인 서비스업(94~96)",계,7144,14148,7319,14428,7960,14673,8713,15106
,,단독사업체,6724,12125,6652,12223,7425,12794,8154,13032
,,"본사,본점 등",34,588,200,579,146,441,141,448
,,"공장,지사(점),영업소",386,1435,467,1626,389,1438,418,1626
